2026-05-05 10:01:05.995 | INFO     | __main__:main:134 - データ取得開始
2026-05-05 10:01:06.019 | INFO     | src.api.rakuten_client:search_items:144 - APIリクエスト: ふるさと納税 牛肉 page=1
2026-05-05 10:04:07.403 | INFO     | __main__:main:134 - データ取得開始
2026-05-05 10:04:07.448 | INFO     | src.api.rakuten_client:search_items:144 - APIリクエスト: ふるさと納税 牛肉 page=1
2026-05-05 10:06:10.117 | INFO     | __main__:main:134 - データ取得開始
2026-05-05 10:06:10.128 | INFO     | src.api.rakuten_client:search_items:146 - APIリクエスト: ふるさと納税 牛肉 page=1
2026-05-05 10:06:10.327 | ERROR    | src.api.rakuten_client:_fetch:102 - APIエラー 400: {"error_description":"specify valid applicationId","error":"wrong_parameter"}
2026-05-05 10:06:12.463 | ERROR    | src.api.rakuten_client:_fetch:102 - APIエラー 400: {"error_description":"specify valid applicationId","error":"wrong_parameter"}
2026-05-05 10:06:14.585 | ERROR    | src.api.rakuten_client:_fetch:102 - APIエラー 400: {"error_description":"specify valid applicationId","error":"wrong_parameter"}
2026-05-05 10:13:32.055 | INFO     | __main__:main:134 - データ取得開始
2026-05-05 10:13:32.064 | INFO     | src.api.rakuten_client:search_items:146 - APIリクエスト: ふるさと納税 牛肉 page=1
2026-05-05 10:13:32.227 | ERROR    | src.api.rakuten_client:_fetch:102 - APIエラー 400: {"error_description":"specify valid applicationId","error":"wrong_parameter"}
2026-05-05 10:13:34.349 | ERROR    | src.api.rakuten_client:_fetch:102 - APIエラー 400: {"error_description":"specify valid applicationId","error":"wrong_parameter"}
2026-05-05 10:13:36.475 | ERROR    | src.api.rakuten_client:_fetch:102 - APIエラー 400: {"error_description":"specify valid applicationId","error":"wrong_parameter"}
2026-05-05 10:44:53.706 | INFO     | __main__:main:134 - データ取得開始
2026-05-05 10:44:53.714 | INFO     | src.api.rakuten_client:search_items:147 - APIリクエスト: ふるさと納税 牛肉 page=1
2026-05-05 10:44:53.881 | ERROR    | src.api.rakuten_client:_fetch:103 - APIエラー 400: {"error_description":"specify valid applicationId","error":"wrong_parameter"}
2026-05-05 10:44:56.025 | ERROR    | src.api.rakuten_client:_fetch:103 - APIエラー 400: {"error_description":"specify valid applicationId","error":"wrong_parameter"}
2026-05-05 10:44:58.145 | ERROR    | src.api.rakuten_client:_fetch:103 - APIエラー 400: {"error_description":"specify valid applicationId","error":"wrong_parameter"}
2026-05-05 10:54:40.960 | INFO     | __main__:main:134 - データ取得開始
2026-05-05 10:54:40.967 | INFO     | src.api.rakuten_client:search_items:147 - APIリクエスト: ふるさと納税 牛肉 page=1
2026-05-05 10:54:41.188 | ERROR    | src.api.rakuten_client:_fetch:103 - APIエラー 400: {"error_description":"specify valid applicationId","error":"wrong_parameter"}
2026-05-05 10:54:43.312 | ERROR    | src.api.rakuten_client:_fetch:103 - APIエラー 400: {"error_description":"specify valid applicationId","error":"wrong_parameter"}
2026-05-05 10:54:45.456 | ERROR    | src.api.rakuten_client:_fetch:103 - APIエラー 400: {"error_description":"specify valid applicationId","error":"wrong_parameter"}
2026-05-05 11:10:59.815 | INFO     | __main__:main:134 - データ取得開始
2026-05-05 11:10:59.825 | INFO     | src.api.rakuten_client:search_items:154 - APIリクエスト: ふるさと納税 牛肉 page=1
2026-05-05 11:11:00.046 | ERROR    | src.api.rakuten_client:_fetch:109 - APIエラー 403: {
  "errors": {
    "errorCode": 403,
    "errorMessage": "REQUEST_CONTEXT_BODY_HTTP_REFERRER_MISSING"
  }
}
2026-05-05 11:11:02.096 | ERROR    | src.api.rakuten_client:_fetch:109 - APIエラー 403: {
  "errors": {
    "errorCode": 403,
    "errorMessage": "REQUEST_CONTEXT_BODY_HTTP_REFERRER_MISSING"
  }
}
2026-05-05 11:11:04.137 | ERROR    | src.api.rakuten_client:_fetch:109 - APIエラー 403: {
  "errors": {
    "errorCode": 403,
    "errorMessage": "REQUEST_CONTEXT_BODY_HTTP_REFERRER_MISSING"
  }
}
2026-05-05 11:16:14.017 | INFO     | __main__:main:134 - データ取得開始
2026-05-05 11:16:14.031 | INFO     | src.api.rakuten_client:search_items:158 - APIリクエスト: ふるさと納税 牛肉 page=1
2026-05-05 11:16:14.676 | INFO     | __main__:fetch_all:87 - 取得開始: 'ふるさと納税 牛肉' (1 ページ)
2026-05-05 11:16:14.676 | INFO     | src.api.rakuten_client:search_items:158 - APIリクエスト: ふるさと納税 牛肉 page=1
2026-05-05 11:16:15.286 | DEBUG    | __main__:fetch_all:103 -   page 1/1: 30 件取得
2026-05-05 11:16:15.286 | INFO     | src.api.rakuten_client:search_items:158 - APIリクエスト: ふるさと納税 豚肉 page=1
2026-05-05 11:16:16.232 | INFO     | __main__:fetch_all:87 - 取得開始: 'ふるさと納税 豚肉' (1 ページ)
2026-05-05 11:16:16.234 | INFO     | src.api.rakuten_client:search_items:158 - APIリクエスト: ふるさと納税 豚肉 page=1
2026-05-05 11:16:17.239 | DEBUG    | __main__:fetch_all:103 -   page 1/1: 30 件取得
2026-05-05 11:16:17.239 | INFO     | src.api.rakuten_client:search_items:158 - APIリクエスト: ふるさと納税 鶏肉 page=1
2026-05-05 11:16:18.197 | INFO     | __main__:fetch_all:87 - 取得開始: 'ふるさと納税 鶏肉' (1 ページ)
2026-05-05 11:16:18.198 | INFO     | src.api.rakuten_client:search_items:158 - APIリクエスト: ふるさと納税 鶏肉 page=1
2026-05-05 11:16:19.225 | DEBUG    | __main__:fetch_all:103 -   page 1/1: 30 件取得
2026-05-05 11:16:19.226 | INFO     | src.api.rakuten_client:search_items:158 - APIリクエスト: ふるさと納税 魚 page=1
2026-05-05 11:16:20.500 | INFO     | __main__:fetch_all:87 - 取得開始: 'ふるさと納税 魚' (1 ページ)
2026-05-05 11:16:20.500 | INFO     | src.api.rakuten_client:search_items:158 - APIリクエスト: ふるさと納税 魚 page=1
2026-05-05 11:16:21.483 | DEBUG    | __main__:fetch_all:103 -   page 1/1: 30 件取得
2026-05-05 11:16:21.483 | INFO     | src.api.rakuten_client:search_items:158 - APIリクエスト: ふるさと納税 カニ page=1
2026-05-05 11:16:22.312 | INFO     | __main__:fetch_all:87 - 取得開始: 'ふるさと納税 カニ' (1 ページ)
2026-05-05 11:16:22.312 | INFO     | src.api.rakuten_client:search_items:158 - APIリクエスト: ふるさと納税 カニ page=1
2026-05-05 11:16:23.317 | DEBUG    | __main__:fetch_all:103 -   page 1/1: 30 件取得
2026-05-05 11:16:23.318 | INFO     | src.api.rakuten_client:search_items:158 - APIリクエスト: ふるさと納税 ホタテ page=1
2026-05-05 11:16:24.308 | INFO     | __main__:fetch_all:87 - 取得開始: 'ふるさと納税 ホタテ' (1 ページ)
2026-05-05 11:16:24.309 | INFO     | src.api.rakuten_client:search_items:158 - APIリクエスト: ふるさと納税 ホタテ page=1
2026-05-05 11:16:25.309 | DEBUG    | __main__:fetch_all:103 -   page 1/1: 30 件取得
2026-05-05 11:16:25.309 | INFO     | src.api.rakuten_client:search_items:158 - APIリクエスト: ふるさと納税 果物 page=1
2026-05-05 11:16:26.301 | INFO     | __main__:fetch_all:87 - 取得開始: 'ふるさと納税 果物' (1 ページ)
2026-05-05 11:16:26.301 | INFO     | src.api.rakuten_client:search_items:158 - APIリクエスト: ふるさと納税 果物 page=1
2026-05-05 11:16:27.252 | DEBUG    | __main__:fetch_all:103 -   page 1/1: 30 件取得
2026-05-05 11:16:27.252 | INFO     | src.api.rakuten_client:search_items:158 - APIリクエスト: ふるさと納税 野菜 page=1
2026-05-05 11:16:28.233 | INFO     | __main__:fetch_all:87 - 取得開始: 'ふるさと納税 野菜' (1 ページ)
2026-05-05 11:16:28.233 | INFO     | src.api.rakuten_client:search_items:158 - APIリクエスト: ふるさと納税 野菜 page=1
2026-05-05 11:16:29.236 | DEBUG    | __main__:fetch_all:103 -   page 1/1: 30 件取得
2026-05-05 11:16:29.236 | INFO     | src.api.rakuten_client:search_items:158 - APIリクエスト: ふるさと納税 米 page=1
2026-05-05 11:16:30.264 | INFO     | __main__:fetch_all:87 - 取得開始: 'ふるさと納税 米' (1 ページ)
2026-05-05 11:16:30.265 | INFO     | src.api.rakuten_client:search_items:158 - APIリクエスト: ふるさと納税 米 page=1
2026-05-05 11:16:31.312 | DEBUG    | __main__:fetch_all:103 -   page 1/1: 30 件取得
2026-05-05 11:16:31.313 | INFO     | src.api.rakuten_client:search_items:158 - APIリクエスト: ふるさと納税 酒 page=1
2026-05-05 11:16:32.284 | INFO     | __main__:fetch_all:87 - 取得開始: 'ふるさと納税 酒' (1 ページ)
2026-05-05 11:16:32.284 | INFO     | src.api.rakuten_client:search_items:158 - APIリクエスト: ふるさと納税 酒 page=1
2026-05-05 11:16:33.292 | DEBUG    | __main__:fetch_all:103 -   page 1/1: 30 件取得
2026-05-05 11:16:33.292 | INFO     | src.api.rakuten_client:search_items:158 - APIリクエスト: ふるさと納税 家電 page=1
2026-05-05 11:16:34.273 | INFO     | __main__:fetch_all:87 - 取得開始: 'ふるさと納税 家電' (1 ページ)
2026-05-05 11:16:34.274 | INFO     | src.api.rakuten_client:search_items:158 - APIリクエスト: ふるさと納税 家電 page=1
2026-05-05 11:16:35.282 | DEBUG    | __main__:fetch_all:103 -   page 1/1: 30 件取得
2026-05-05 11:16:35.282 | INFO     | src.api.rakuten_client:search_items:158 - APIリクエスト: ふるさと納税 旅行 page=1
2026-05-05 11:16:36.291 | INFO     | __main__:fetch_all:87 - 取得開始: 'ふるさと納税 旅行' (1 ページ)
2026-05-05 11:16:36.310 | INFO     | src.api.rakuten_client:search_items:158 - APIリクエスト: ふるさと納税 旅行 page=1
2026-05-05 11:16:37.278 | DEBUG    | __main__:fetch_all:103 -   page 1/1: 30 件取得
2026-05-05 11:16:37.278 | INFO     | src.api.rakuten_client:search_items:158 - APIリクエスト: ふるさと納税 日用品 page=1
2026-05-05 11:16:38.264 | INFO     | __main__:fetch_all:87 - 取得開始: 'ふるさと納税 日用品' (1 ページ)
2026-05-05 11:16:38.264 | INFO     | src.api.rakuten_client:search_items:158 - APIリクエスト: ふるさと納税 日用品 page=1
2026-05-05 11:16:39.157 | ERROR    | src.api.rakuten_client:_fetch:113 - APIエラー 429: { "statusCode": 429, "message": "Rate limit is exceeded. Try again in 1 seconds." }
2026-05-05 11:16:41.316 | DEBUG    | __main__:fetch_all:103 -   page 1/1: 30 件取得
2026-05-05 11:16:41.409 | INFO     | __main__:fetch_all:114 - 重複除去: 390 → 364 件
2026-05-05 11:16:41.676 | INFO     | __main__:main:141 - 保存完了: /Users/nakaetetsuo/Library/CloudStorage/Dropbox/portfolio/furusato-nozei-trends/data/processed/products_raw.parquet (364 件)
2026-05-05 11:20:07.085 | INFO     | __main__:main:134 - データ取得開始
2026-05-05 11:20:07.101 | DEBUG    | src.api.rakuten_client:search_items:155 - キャッシュヒット: ふるさと納税 牛肉 page=1
2026-05-05 11:20:07.101 | INFO     | __main__:fetch_all:87 - 取得開始: 'ふるさと納税 牛肉' (5 ページ)
2026-05-05 11:20:07.101 | INFO     | src.api.rakuten_client:search_items:158 - APIリクエスト: ふるさと納税 牛肉 page=1
2026-05-05 11:20:07.441 | DEBUG    | __main__:fetch_all:103 -   page 1/5: 30 件取得
2026-05-05 11:20:07.441 | INFO     | src.api.rakuten_client:search_items:158 - APIリクエスト: ふるさと納税 牛肉 page=2
2026-05-05 11:20:08.488 | DEBUG    | __main__:fetch_all:103 -   page 2/5: 30 件取得
2026-05-05 11:20:08.488 | INFO     | src.api.rakuten_client:search_items:158 - APIリクエスト: ふるさと納税 牛肉 page=3
2026-05-05 11:20:09.422 | DEBUG    | __main__:fetch_all:103 -   page 3/5: 30 件取得
2026-05-05 11:20:09.422 | INFO     | src.api.rakuten_client:search_items:158 - APIリクエスト: ふるさと納税 牛肉 page=4
2026-05-05 11:20:10.357 | DEBUG    | __main__:fetch_all:103 -   page 4/5: 30 件取得
2026-05-05 11:20:10.358 | INFO     | src.api.rakuten_client:search_items:158 - APIリクエスト: ふるさと納税 牛肉 page=5
2026-05-05 11:20:11.297 | DEBUG    | __main__:fetch_all:103 -   page 5/5: 30 件取得
2026-05-05 11:20:11.300 | DEBUG    | src.api.rakuten_client:search_items:155 - キャッシュヒット: ふるさと納税 豚肉 page=1
2026-05-05 11:20:11.301 | INFO     | __main__:fetch_all:87 - 取得開始: 'ふるさと納税 豚肉' (5 ページ)
2026-05-05 11:20:11.301 | INFO     | src.api.rakuten_client:search_items:158 - APIリクエスト: ふるさと納税 豚肉 page=1
2026-05-05 11:20:12.340 | DEBUG    | __main__:fetch_all:103 -   page 1/5: 30 件取得
2026-05-05 11:20:12.340 | INFO     | src.api.rakuten_client:search_items:158 - APIリクエスト: ふるさと納税 豚肉 page=2
2026-05-05 11:20:13.342 | DEBUG    | __main__:fetch_all:103 -   page 2/5: 30 件取得
2026-05-05 11:20:13.342 | INFO     | src.api.rakuten_client:search_items:158 - APIリクエスト: ふるさと納税 豚肉 page=3
2026-05-05 11:20:14.285 | DEBUG    | __main__:fetch_all:103 -   page 3/5: 30 件取得
2026-05-05 11:20:14.285 | INFO     | src.api.rakuten_client:search_items:158 - APIリクエスト: ふるさと納税 豚肉 page=4
2026-05-05 11:20:15.238 | DEBUG    | __main__:fetch_all:103 -   page 4/5: 30 件取得
2026-05-05 11:20:15.239 | INFO     | src.api.rakuten_client:search_items:158 - APIリクエスト: ふるさと納税 豚肉 page=5
2026-05-05 11:20:16.295 | DEBUG    | __main__:fetch_all:103 -   page 5/5: 30 件取得
2026-05-05 11:20:16.299 | DEBUG    | src.api.rakuten_client:search_items:155 - キャッシュヒット: ふるさと納税 鶏肉 page=1
2026-05-05 11:20:16.300 | INFO     | __main__:fetch_all:87 - 取得開始: 'ふるさと納税 鶏肉' (5 ページ)
2026-05-05 11:20:16.300 | INFO     | src.api.rakuten_client:search_items:158 - APIリクエスト: ふるさと納税 鶏肉 page=1
2026-05-05 11:20:17.266 | DEBUG    | __main__:fetch_all:103 -   page 1/5: 30 件取得
2026-05-05 11:20:17.266 | INFO     | src.api.rakuten_client:search_items:158 - APIリクエスト: ふるさと納税 鶏肉 page=2
2026-05-05 11:20:18.280 | DEBUG    | __main__:fetch_all:103 -   page 2/5: 30 件取得
2026-05-05 11:20:18.299 | INFO     | src.api.rakuten_client:search_items:158 - APIリクエスト: ふるさと納税 鶏肉 page=3
2026-05-05 11:20:19.308 | DEBUG    | __main__:fetch_all:103 -   page 3/5: 30 件取得
2026-05-05 11:20:19.309 | INFO     | src.api.rakuten_client:search_items:158 - APIリクエスト: ふるさと納税 鶏肉 page=4
2026-05-05 11:20:20.318 | DEBUG    | __main__:fetch_all:103 -   page 4/5: 30 件取得
2026-05-05 11:20:20.318 | INFO     | src.api.rakuten_client:search_items:158 - APIリクエスト: ふるさと納税 鶏肉 page=5
2026-05-05 11:20:21.284 | DEBUG    | __main__:fetch_all:103 -   page 5/5: 30 件取得
2026-05-05 11:20:21.288 | DEBUG    | src.api.rakuten_client:search_items:155 - キャッシュヒット: ふるさと納税 魚 page=1
2026-05-05 11:20:21.289 | INFO     | __main__:fetch_all:87 - 取得開始: 'ふるさと納税 魚' (5 ページ)
2026-05-05 11:20:21.289 | INFO     | src.api.rakuten_client:search_items:158 - APIリクエスト: ふるさと納税 魚 page=1
2026-05-05 11:20:22.275 | DEBUG    | __main__:fetch_all:103 -   page 1/5: 30 件取得
2026-05-05 11:20:22.275 | INFO     | src.api.rakuten_client:search_items:158 - APIリクエスト: ふるさと納税 魚 page=2
2026-05-05 11:20:23.254 | DEBUG    | __main__:fetch_all:103 -   page 2/5: 30 件取得
2026-05-05 11:20:23.255 | INFO     | src.api.rakuten_client:search_items:158 - APIリクエスト: ふるさと納税 魚 page=3
2026-05-05 11:20:24.382 | DEBUG    | __main__:fetch_all:103 -   page 3/5: 30 件取得
2026-05-05 11:20:24.383 | INFO     | src.api.rakuten_client:search_items:158 - APIリクエスト: ふるさと納税 魚 page=4
2026-05-05 11:20:25.960 | DEBUG    | __main__:fetch_all:103 -   page 4/5: 30 件取得
2026-05-05 11:20:25.960 | INFO     | src.api.rakuten_client:search_items:158 - APIリクエスト: ふるさと納税 魚 page=5
2026-05-05 11:20:26.568 | DEBUG    | __main__:fetch_all:103 -   page 5/5: 30 件取得
2026-05-05 11:20:26.573 | DEBUG    | src.api.rakuten_client:search_items:155 - キャッシュヒット: ふるさと納税 カニ page=1
2026-05-05 11:20:26.573 | INFO     | __main__:fetch_all:87 - 取得開始: 'ふるさと納税 カニ' (5 ページ)
2026-05-05 11:20:26.574 | INFO     | src.api.rakuten_client:search_items:158 - APIリクエスト: ふるさと納税 カニ page=1
2026-05-05 11:20:27.349 | ERROR    | src.api.rakuten_client:_fetch:113 - APIエラー 429: { "statusCode": 429, "message": "Rate limit is exceeded. Try again in 1 seconds." }
2026-05-05 11:20:29.563 | DEBUG    | __main__:fetch_all:103 -   page 1/5: 30 件取得
2026-05-05 11:20:29.563 | INFO     | src.api.rakuten_client:search_items:158 - APIリクエスト: ふるさと納税 カニ page=2
2026-05-05 11:20:30.374 | ERROR    | src.api.rakuten_client:_fetch:113 - APIエラー 429: { "statusCode": 429, "message": "Rate limit is exceeded. Try again in 1 seconds." }
2026-05-05 11:20:32.495 | DEBUG    | __main__:fetch_all:103 -   page 2/5: 30 件取得
2026-05-05 11:20:32.496 | INFO     | src.api.rakuten_client:search_items:158 - APIリクエスト: ふるさと納税 カニ page=3
2026-05-05 11:20:33.469 | DEBUG    | __main__:fetch_all:103 -   page 3/5: 30 件取得
2026-05-05 11:20:33.469 | INFO     | src.api.rakuten_client:search_items:158 - APIリクエスト: ふるさと納税 カニ page=4
2026-05-05 11:20:34.505 | DEBUG    | __main__:fetch_all:103 -   page 4/5: 30 件取得
2026-05-05 11:20:34.505 | INFO     | src.api.rakuten_client:search_items:158 - APIリクエスト: ふるさと納税 カニ page=5
2026-05-05 11:20:35.523 | DEBUG    | __main__:fetch_all:103 -   page 5/5: 30 件取得
2026-05-05 11:20:35.526 | DEBUG    | src.api.rakuten_client:search_items:155 - キャッシュヒット: ふるさと納税 ホタテ page=1
2026-05-05 11:20:35.527 | INFO     | __main__:fetch_all:87 - 取得開始: 'ふるさと納税 ホタテ' (5 ページ)
2026-05-05 11:20:35.527 | INFO     | src.api.rakuten_client:search_items:158 - APIリクエスト: ふるさと納税 ホタテ page=1
2026-05-05 11:20:36.600 | DEBUG    | __main__:fetch_all:103 -   page 1/5: 30 件取得
2026-05-05 11:20:36.601 | INFO     | src.api.rakuten_client:search_items:158 - APIリクエスト: ふるさと納税 ホタテ page=2
2026-05-05 11:20:37.502 | DEBUG    | __main__:fetch_all:103 -   page 2/5: 30 件取得
2026-05-05 11:20:37.502 | INFO     | src.api.rakuten_client:search_items:158 - APIリクエスト: ふるさと納税 ホタテ page=3
2026-05-05 11:20:38.493 | DEBUG    | __main__:fetch_all:103 -   page 3/5: 30 件取得
2026-05-05 11:20:38.493 | INFO     | src.api.rakuten_client:search_items:158 - APIリクエスト: ふるさと納税 ホタテ page=4
2026-05-05 11:20:39.555 | DEBUG    | __main__:fetch_all:103 -   page 4/5: 30 件取得
2026-05-05 11:20:39.555 | INFO     | src.api.rakuten_client:search_items:158 - APIリクエスト: ふるさと納税 ホタテ page=5
2026-05-05 11:20:40.573 | DEBUG    | __main__:fetch_all:103 -   page 5/5: 30 件取得
2026-05-05 11:20:40.577 | DEBUG    | src.api.rakuten_client:search_items:155 - キャッシュヒット: ふるさと納税 果物 page=1
2026-05-05 11:20:40.577 | INFO     | __main__:fetch_all:87 - 取得開始: 'ふるさと納税 果物' (5 ページ)
2026-05-05 11:20:40.577 | INFO     | src.api.rakuten_client:search_items:158 - APIリクエスト: ふるさと納税 果物 page=1
2026-05-05 11:20:41.592 | DEBUG    | __main__:fetch_all:103 -   page 1/5: 30 件取得
2026-05-05 11:20:41.592 | INFO     | src.api.rakuten_client:search_items:158 - APIリクエスト: ふるさと納税 果物 page=2
2026-05-05 11:20:42.518 | DEBUG    | __main__:fetch_all:103 -   page 2/5: 30 件取得
2026-05-05 11:20:42.519 | INFO     | src.api.rakuten_client:search_items:158 - APIリクエスト: ふるさと納税 果物 page=3
2026-05-05 11:20:43.491 | DEBUG    | __main__:fetch_all:103 -   page 3/5: 30 件取得
2026-05-05 11:20:43.492 | INFO     | src.api.rakuten_client:search_items:158 - APIリクエスト: ふるさと納税 果物 page=4
2026-05-05 11:20:44.492 | DEBUG    | __main__:fetch_all:103 -   page 4/5: 30 件取得
2026-05-05 11:20:44.492 | INFO     | src.api.rakuten_client:search_items:158 - APIリクエスト: ふるさと納税 果物 page=5
2026-05-05 11:20:45.496 | DEBUG    | __main__:fetch_all:103 -   page 5/5: 30 件取得
2026-05-05 11:20:45.500 | DEBUG    | src.api.rakuten_client:search_items:155 - キャッシュヒット: ふるさと納税 野菜 page=1
2026-05-05 11:20:45.500 | INFO     | __main__:fetch_all:87 - 取得開始: 'ふるさと納税 野菜' (5 ページ)
2026-05-05 11:20:45.501 | INFO     | src.api.rakuten_client:search_items:158 - APIリクエスト: ふるさと納税 野菜 page=1
2026-05-05 11:20:46.593 | DEBUG    | __main__:fetch_all:103 -   page 1/5: 30 件取得
2026-05-05 11:20:46.593 | INFO     | src.api.rakuten_client:search_items:158 - APIリクエスト: ふるさと納税 野菜 page=2
2026-05-05 11:20:47.644 | DEBUG    | __main__:fetch_all:103 -   page 2/5: 30 件取得
2026-05-05 11:20:47.644 | INFO     | src.api.rakuten_client:search_items:158 - APIリクエスト: ふるさと納税 野菜 page=3
2026-05-05 11:20:48.507 | DEBUG    | __main__:fetch_all:103 -   page 3/5: 30 件取得
2026-05-05 11:20:48.508 | INFO     | src.api.rakuten_client:search_items:158 - APIリクエスト: ふるさと納税 野菜 page=4
2026-05-05 11:20:49.573 | DEBUG    | __main__:fetch_all:103 -   page 4/5: 30 件取得
2026-05-05 11:20:49.573 | INFO     | src.api.rakuten_client:search_items:158 - APIリクエスト: ふるさと納税 野菜 page=5
2026-05-05 11:20:50.562 | DEBUG    | __main__:fetch_all:103 -   page 5/5: 30 件取得
2026-05-05 11:20:50.570 | DEBUG    | src.api.rakuten_client:search_items:155 - キャッシュヒット: ふるさと納税 米 page=1
2026-05-05 11:20:50.587 | INFO     | __main__:fetch_all:87 - 取得開始: 'ふるさと納税 米' (5 ページ)
2026-05-05 11:20:50.588 | INFO     | src.api.rakuten_client:search_items:158 - APIリクエスト: ふるさと納税 米 page=1
2026-05-05 11:20:51.439 | ERROR    | src.api.rakuten_client:_fetch:113 - APIエラー 429: { "statusCode": 429, "message": "Rate limit is exceeded. Try again in 1 seconds." }
2026-05-05 11:20:53.594 | DEBUG    | __main__:fetch_all:103 -   page 1/5: 30 件取得
2026-05-05 11:20:53.595 | INFO     | src.api.rakuten_client:search_items:158 - APIリクエスト: ふるさと納税 米 page=2
2026-05-05 11:20:54.617 | DEBUG    | __main__:fetch_all:103 -   page 2/5: 30 件取得
2026-05-05 11:20:54.617 | INFO     | src.api.rakuten_client:search_items:158 - APIリクエスト: ふるさと納税 米 page=3
2026-05-05 11:20:55.650 | DEBUG    | __main__:fetch_all:103 -   page 3/5: 30 件取得
2026-05-05 11:20:55.650 | INFO     | src.api.rakuten_client:search_items:158 - APIリクエスト: ふるさと納税 米 page=4
2026-05-05 11:20:56.580 | DEBUG    | __main__:fetch_all:103 -   page 4/5: 30 件取得
2026-05-05 11:20:56.580 | INFO     | src.api.rakuten_client:search_items:158 - APIリクエスト: ふるさと納税 米 page=5
2026-05-05 11:20:57.642 | DEBUG    | __main__:fetch_all:103 -   page 5/5: 30 件取得
2026-05-05 11:20:57.647 | DEBUG    | src.api.rakuten_client:search_items:155 - キャッシュヒット: ふるさと納税 酒 page=1
2026-05-05 11:20:57.648 | INFO     | __main__:fetch_all:87 - 取得開始: 'ふるさと納税 酒' (5 ページ)
2026-05-05 11:20:57.648 | INFO     | src.api.rakuten_client:search_items:158 - APIリクエスト: ふるさと納税 酒 page=1
2026-05-05 11:20:59.060 | DEBUG    | __main__:fetch_all:103 -   page 1/5: 30 件取得
2026-05-05 11:20:59.062 | INFO     | src.api.rakuten_client:search_items:158 - APIリクエスト: ふるさと納税 酒 page=2
2026-05-05 11:20:59.912 | DEBUG    | __main__:fetch_all:103 -   page 2/5: 30 件取得
2026-05-05 11:20:59.924 | INFO     | src.api.rakuten_client:search_items:158 - APIリクエスト: ふるさと納税 酒 page=3
2026-05-05 11:21:00.674 | DEBUG    | __main__:fetch_all:103 -   page 3/5: 30 件取得
2026-05-05 11:21:00.674 | INFO     | src.api.rakuten_client:search_items:158 - APIリクエスト: ふるさと納税 酒 page=4
2026-05-05 11:21:01.654 | DEBUG    | __main__:fetch_all:103 -   page 4/5: 30 件取得
2026-05-05 11:21:01.655 | INFO     | src.api.rakuten_client:search_items:158 - APIリクエスト: ふるさと納税 酒 page=5
2026-05-05 11:21:02.526 | ERROR    | src.api.rakuten_client:_fetch:113 - APIエラー 429: { "statusCode": 429, "message": "Rate limit is exceeded. Try again in 1 seconds." }
2026-05-05 11:21:04.775 | DEBUG    | __main__:fetch_all:103 -   page 5/5: 30 件取得
2026-05-05 11:21:04.779 | DEBUG    | src.api.rakuten_client:search_items:155 - キャッシュヒット: ふるさと納税 家電 page=1
2026-05-05 11:21:04.779 | INFO     | __main__:fetch_all:87 - 取得開始: 'ふるさと納税 家電' (5 ページ)
2026-05-05 11:21:04.779 | INFO     | src.api.rakuten_client:search_items:158 - APIリクエスト: ふるさと納税 家電 page=1
2026-05-05 11:21:05.679 | DEBUG    | __main__:fetch_all:103 -   page 1/5: 30 件取得
2026-05-05 11:21:05.679 | INFO     | src.api.rakuten_client:search_items:158 - APIリクエスト: ふるさと納税 家電 page=2
2026-05-05 11:21:07.133 | DEBUG    | __main__:fetch_all:103 -   page 2/5: 30 件取得
2026-05-05 11:21:07.133 | INFO     | src.api.rakuten_client:search_items:158 - APIリクエスト: ふるさと納税 家電 page=3
2026-05-05 11:21:07.579 | ERROR    | src.api.rakuten_client:_fetch:113 - APIエラー 429: { "statusCode": 429, "message": "Rate limit is exceeded. Try again in 1 seconds." }
2026-05-05 11:21:09.803 | DEBUG    | __main__:fetch_all:103 -   page 3/5: 30 件取得
2026-05-05 11:21:09.803 | INFO     | src.api.rakuten_client:search_items:158 - APIリクエスト: ふるさと納税 家電 page=4
2026-05-05 11:21:10.741 | DEBUG    | __main__:fetch_all:103 -   page 4/5: 30 件取得
2026-05-05 11:21:10.742 | INFO     | src.api.rakuten_client:search_items:158 - APIリクエスト: ふるさと納税 家電 page=5
2026-05-05 11:21:11.769 | DEBUG    | __main__:fetch_all:103 -   page 5/5: 30 件取得
2026-05-05 11:21:11.772 | DEBUG    | src.api.rakuten_client:search_items:155 - キャッシュヒット: ふるさと納税 旅行 page=1
2026-05-05 11:21:11.773 | INFO     | __main__:fetch_all:87 - 取得開始: 'ふるさと納税 旅行' (5 ページ)
2026-05-05 11:21:11.773 | INFO     | src.api.rakuten_client:search_items:158 - APIリクエスト: ふるさと納税 旅行 page=1
2026-05-05 11:21:12.698 | DEBUG    | __main__:fetch_all:103 -   page 1/5: 30 件取得
2026-05-05 11:21:12.700 | INFO     | src.api.rakuten_client:search_items:158 - APIリクエスト: ふるさと納税 旅行 page=2
2026-05-05 11:21:13.738 | DEBUG    | __main__:fetch_all:103 -   page 2/5: 30 件取得
2026-05-05 11:21:13.738 | INFO     | src.api.rakuten_client:search_items:158 - APIリクエスト: ふるさと納税 旅行 page=3
2026-05-05 11:21:14.742 | DEBUG    | __main__:fetch_all:103 -   page 3/5: 30 件取得
2026-05-05 11:21:14.742 | INFO     | src.api.rakuten_client:search_items:158 - APIリクエスト: ふるさと納税 旅行 page=4
2026-05-05 11:21:15.765 | DEBUG    | __main__:fetch_all:103 -   page 4/5: 30 件取得
2026-05-05 11:21:15.765 | INFO     | src.api.rakuten_client:search_items:158 - APIリクエスト: ふるさと納税 旅行 page=5
2026-05-05 11:21:16.718 | DEBUG    | __main__:fetch_all:103 -   page 5/5: 30 件取得
2026-05-05 11:21:16.721 | DEBUG    | src.api.rakuten_client:search_items:155 - キャッシュヒット: ふるさと納税 日用品 page=1
2026-05-05 11:21:16.721 | INFO     | __main__:fetch_all:87 - 取得開始: 'ふるさと納税 日用品' (5 ページ)
2026-05-05 11:21:16.721 | INFO     | src.api.rakuten_client:search_items:158 - APIリクエスト: ふるさと納税 日用品 page=1
2026-05-05 11:21:17.718 | DEBUG    | __main__:fetch_all:103 -   page 1/5: 30 件取得
2026-05-05 11:21:17.718 | INFO     | src.api.rakuten_client:search_items:158 - APIリクエスト: ふるさと納税 日用品 page=2
2026-05-05 11:21:18.718 | DEBUG    | __main__:fetch_all:103 -   page 2/5: 30 件取得
2026-05-05 11:21:18.719 | INFO     | src.api.rakuten_client:search_items:158 - APIリクエスト: ふるさと納税 日用品 page=3
2026-05-05 11:21:19.792 | DEBUG    | __main__:fetch_all:103 -   page 3/5: 30 件取得
2026-05-05 11:21:19.793 | INFO     | src.api.rakuten_client:search_items:158 - APIリクエスト: ふるさと納税 日用品 page=4
2026-05-05 11:21:20.755 | DEBUG    | __main__:fetch_all:103 -   page 4/5: 30 件取得
2026-05-05 11:21:20.755 | INFO     | src.api.rakuten_client:search_items:158 - APIリクエスト: ふるさと納税 日用品 page=5
2026-05-05 11:21:21.754 | DEBUG    | __main__:fetch_all:103 -   page 5/5: 30 件取得
2026-05-05 11:21:21.850 | INFO     | __main__:fetch_all:114 - 重複除去: 1,950 → 1,812 件
2026-05-05 11:21:22.011 | INFO     | __main__:main:141 - 保存完了: /Users/nakaetetsuo/Library/CloudStorage/Dropbox/portfolio/furusato-nozei-trends/data/processed/products_raw.parquet (1,812 件)
2026-05-05 11:28:45.867 | INFO     | __main__:main:134 - データ取得開始
2026-05-05 11:28:45.888 | DEBUG    | src.api.rakuten_client:search_items:155 - キャッシュヒット: ふるさと納税 牛肉 page=1
2026-05-05 11:28:45.888 | INFO     | __main__:fetch_all:87 - 取得開始: 'ふるさと納税 牛肉' (100 ページ)
2026-05-05 11:28:45.889 | INFO     | src.api.rakuten_client:search_items:158 - APIリクエスト: ふるさと納税 牛肉 page=1
2026-05-05 11:28:46.192 | DEBUG    | __main__:fetch_all:103 -   page 1/100: 30 件取得
2026-05-05 11:28:46.192 | INFO     | src.api.rakuten_client:search_items:158 - APIリクエスト: ふるさと納税 牛肉 page=2
2026-05-05 11:28:47.062 | DEBUG    | __main__:fetch_all:103 -   page 2/100: 30 件取得
2026-05-05 11:28:47.063 | INFO     | src.api.rakuten_client:search_items:158 - APIリクエスト: ふるさと納税 牛肉 page=3
2026-05-05 11:28:47.913 | ERROR    | src.api.rakuten_client:_fetch:113 - APIエラー 429: { "statusCode": 429, "message": "Rate limit is exceeded. Try again in 1 seconds." }
2026-05-05 11:28:50.686 | DEBUG    | __main__:fetch_all:103 -   page 3/100: 30 件取得
2026-05-05 11:28:50.686 | INFO     | src.api.rakuten_client:search_items:158 - APIリクエスト: ふるさと納税 牛肉 page=4
2026-05-05 11:28:51.650 | DEBUG    | __main__:fetch_all:103 -   page 4/100: 30 件取得
2026-05-05 11:28:51.650 | INFO     | src.api.rakuten_client:search_items:158 - APIリクエスト: ふるさと納税 牛肉 page=5
2026-05-05 11:28:52.121 | DEBUG    | __main__:fetch_all:103 -   page 5/100: 30 件取得
2026-05-05 11:28:52.122 | INFO     | src.api.rakuten_client:search_items:158 - APIリクエスト: ふるさと納税 牛肉 page=6
2026-05-05 11:28:53.134 | DEBUG    | __main__:fetch_all:103 -   page 6/100: 30 件取得
2026-05-05 11:28:53.134 | INFO     | src.api.rakuten_client:search_items:158 - APIリクエスト: ふるさと納税 牛肉 page=7
2026-05-05 11:28:54.341 | DEBUG    | __main__:fetch_all:103 -   page 7/100: 30 件取得
2026-05-05 11:28:54.341 | INFO     | src.api.rakuten_client:search_items:158 - APIリクエスト: ふるさと納税 牛肉 page=8
2026-05-05 11:28:55.063 | DEBUG    | __main__:fetch_all:103 -   page 8/100: 30 件取得
2026-05-05 11:28:55.064 | INFO     | src.api.rakuten_client:search_items:158 - APIリクエスト: ふるさと納税 牛肉 page=9
2026-05-05 11:28:56.168 | DEBUG    | __main__:fetch_all:103 -   page 9/100: 30 件取得
2026-05-05 11:28:56.169 | INFO     | src.api.rakuten_client:search_items:158 - APIリクエスト: ふるさと納税 牛肉 page=10
2026-05-05 11:28:57.054 | DEBUG    | __main__:fetch_all:103 -   page 10/100: 30 件取得
2026-05-05 11:28:57.055 | INFO     | src.api.rakuten_client:search_items:158 - APIリクエスト: ふるさと納税 牛肉 page=11
2026-05-05 11:28:58.108 | DEBUG    | __main__:fetch_all:103 -   page 11/100: 30 件取得
2026-05-05 11:28:58.109 | INFO     | src.api.rakuten_client:search_items:158 - APIリクエスト: ふるさと納税 牛肉 page=12
2026-05-05 11:28:59.135 | DEBUG    | __main__:fetch_all:103 -   page 12/100: 30 件取得
2026-05-05 11:28:59.135 | INFO     | src.api.rakuten_client:search_items:158 - APIリクエスト: ふるさと納税 牛肉 page=13
2026-05-05 11:29:00.155 | DEBUG    | __main__:fetch_all:103 -   page 13/100: 30 件取得
2026-05-05 11:29:00.156 | INFO     | src.api.rakuten_client:search_items:158 - APIリクエスト: ふるさと納税 牛肉 page=14
2026-05-05 11:29:01.221 | DEBUG    | __main__:fetch_all:103 -   page 14/100: 30 件取得
2026-05-05 11:29:01.221 | INFO     | src.api.rakuten_client:search_items:158 - APIリクエスト: ふるさと納税 牛肉 page=15
2026-05-05 11:29:02.164 | DEBUG    | __main__:fetch_all:103 -   page 15/100: 30 件取得
2026-05-05 11:29:02.164 | INFO     | src.api.rakuten_client:search_items:158 - APIリクエスト: ふるさと納税 牛肉 page=16
2026-05-05 11:29:03.186 | DEBUG    | __main__:fetch_all:103 -   page 16/100: 30 件取得
2026-05-05 11:29:03.186 | INFO     | src.api.rakuten_client:search_items:158 - APIリクエスト: ふるさと納税 牛肉 page=17
2026-05-05 11:29:04.150 | DEBUG    | __main__:fetch_all:103 -   page 17/100: 30 件取得
2026-05-05 11:29:04.151 | INFO     | src.api.rakuten_client:search_items:158 - APIリクエスト: ふるさと納税 牛肉 page=18
2026-05-05 11:29:05.129 | DEBUG    | __main__:fetch_all:103 -   page 18/100: 30 件取得
2026-05-05 11:29:05.129 | INFO     | src.api.rakuten_client:search_items:158 - APIリクエスト: ふるさと納税 牛肉 page=19
2026-05-05 11:29:06.186 | DEBUG    | __main__:fetch_all:103 -   page 19/100: 30 件取得
2026-05-05 11:29:06.187 | INFO     | src.api.rakuten_client:search_items:158 - APIリクエスト: ふるさと納税 牛肉 page=20
2026-05-05 11:29:07.271 | DEBUG    | __main__:fetch_all:103 -   page 20/100: 30 件取得
2026-05-05 11:29:07.271 | INFO     | src.api.rakuten_client:search_items:158 - APIリクエスト: ふるさと納税 牛肉 page=21
2026-05-05 11:29:08.005 | ERROR    | src.api.rakuten_client:_fetch:113 - APIエラー 429: { "statusCode": 429, "message": "Rate limit is exceeded. Try again in 1 seconds." }
2026-05-05 11:29:10.200 | DEBUG    | __main__:fetch_all:103 -   page 21/100: 30 件取得
2026-05-05 11:29:10.201 | INFO     | src.api.rakuten_client:search_items:158 - APIリクエスト: ふるさと納税 牛肉 page=22
2026-05-05 11:29:11.200 | DEBUG    | __main__:fetch_all:103 -   page 22/100: 30 件取得
2026-05-05 11:29:11.200 | INFO     | src.api.rakuten_client:search_items:158 - APIリクエスト: ふるさと納税 牛肉 page=23
2026-05-05 11:29:12.197 | DEBUG    | __main__:fetch_all:103 -   page 23/100: 30 件取得
2026-05-05 11:29:12.197 | INFO     | src.api.rakuten_client:search_items:158 - APIリクエスト: ふるさと納税 牛肉 page=24
2026-05-05 11:29:13.181 | DEBUG    | __main__:fetch_all:103 -   page 24/100: 30 件取得
2026-05-05 11:29:13.182 | INFO     | src.api.rakuten_client:search_items:158 - APIリクエスト: ふるさと納税 牛肉 page=25
2026-05-05 11:29:14.942 | DEBUG    | __main__:fetch_all:103 -   page 25/100: 30 件取得
2026-05-05 11:29:14.942 | INFO     | src.api.rakuten_client:search_items:158 - APIリクエスト: ふるさと納税 牛肉 page=26
2026-05-05 11:29:15.205 | DEBUG    | __main__:fetch_all:103 -   page 26/100: 30 件取得
2026-05-05 11:29:15.206 | INFO     | src.api.rakuten_client:search_items:158 - APIリクエスト: ふるさと納税 牛肉 page=27
2026-05-05 11:29:16.040 | ERROR    | src.api.rakuten_client:_fetch:113 - APIエラー 429: { "statusCode": 429, "message": "Rate limit is exceeded. Try again in 1 seconds." }
2026-05-05 11:29:18.219 | DEBUG    | __main__:fetch_all:103 -   page 27/100: 30 件取得
2026-05-05 11:29:18.219 | INFO     | src.api.rakuten_client:search_items:158 - APIリクエスト: ふるさと納税 牛肉 page=28
2026-05-05 11:29:19.229 | DEBUG    | __main__:fetch_all:103 -   page 28/100: 30 件取得
2026-05-05 11:29:19.230 | INFO     | src.api.rakuten_client:search_items:158 - APIリクエスト: ふるさと納税 牛肉 page=29
2026-05-05 11:29:20.075 | ERROR    | src.api.rakuten_client:_fetch:113 - APIエラー 429: { "statusCode": 429, "message": "Rate limit is exceeded. Try again in 1 seconds." }
2026-05-05 11:29:22.343 | DEBUG    | __main__:fetch_all:103 -   page 29/100: 30 件取得
2026-05-05 11:29:22.344 | INFO     | src.api.rakuten_client:search_items:158 - APIリクエスト: ふるさと納税 牛肉 page=30
2026-05-05 11:29:23.237 | DEBUG    | __main__:fetch_all:103 -   page 30/100: 30 件取得
2026-05-05 11:29:23.237 | INFO     | src.api.rakuten_client:search_items:158 - APIリクエスト: ふるさと納税 牛肉 page=31
2026-05-05 11:29:24.274 | DEBUG    | __main__:fetch_all:103 -   page 31/100: 30 件取得
2026-05-05 11:29:24.274 | INFO     | src.api.rakuten_client:search_items:158 - APIリクエスト: ふるさと納税 牛肉 page=32
2026-05-05 11:29:25.240 | DEBUG    | __main__:fetch_all:103 -   page 32/100: 30 件取得
2026-05-05 11:29:25.240 | INFO     | src.api.rakuten_client:search_items:158 - APIリクエスト: ふるさと納税 牛肉 page=33
2026-05-05 11:29:26.253 | DEBUG    | __main__:fetch_all:103 -   page 33/100: 30 件取得
2026-05-05 11:29:26.253 | INFO     | src.api.rakuten_client:search_items:158 - APIリクエスト: ふるさと納税 牛肉 page=34
2026-05-05 11:29:27.246 | DEBUG    | __main__:fetch_all:103 -   page 34/100: 30 件取得
2026-05-05 11:29:27.246 | INFO     | src.api.rakuten_client:search_items:158 - APIリクエスト: ふるさと納税 牛肉 page=35
2026-05-05 11:29:28.297 | DEBUG    | __main__:fetch_all:103 -   page 35/100: 30 件取得
2026-05-05 11:29:28.298 | INFO     | src.api.rakuten_client:search_items:158 - APIリクエスト: ふるさと納税 牛肉 page=36
2026-05-05 11:29:29.283 | DEBUG    | __main__:fetch_all:103 -   page 36/100: 30 件取得
2026-05-05 11:29:29.283 | INFO     | src.api.rakuten_client:search_items:158 - APIリクエスト: ふるさと納税 牛肉 page=37
2026-05-05 11:29:30.294 | DEBUG    | __main__:fetch_all:103 -   page 37/100: 30 件取得
2026-05-05 11:29:30.295 | INFO     | src.api.rakuten_client:search_items:158 - APIリクエスト: ふるさと納税 牛肉 page=38
2026-05-05 11:29:31.288 | DEBUG    | __main__:fetch_all:103 -   page 38/100: 30 件取得
2026-05-05 11:29:31.288 | INFO     | src.api.rakuten_client:search_items:158 - APIリクエスト: ふるさと納税 牛肉 page=39
2026-05-05 11:29:32.269 | DEBUG    | __main__:fetch_all:103 -   page 39/100: 30 件取得
2026-05-05 11:29:32.270 | INFO     | src.api.rakuten_client:search_items:158 - APIリクエスト: ふるさと納税 牛肉 page=40
2026-05-05 11:29:33.303 | DEBUG    | __main__:fetch_all:103 -   page 40/100: 30 件取得
2026-05-05 11:29:33.303 | INFO     | src.api.rakuten_client:search_items:158 - APIリクエスト: ふるさと納税 牛肉 page=41
2026-05-05 11:29:34.290 | DEBUG    | __main__:fetch_all:103 -   page 41/100: 30 件取得
2026-05-05 11:29:34.290 | INFO     | src.api.rakuten_client:search_items:158 - APIリクエスト: ふるさと納税 牛肉 page=42
2026-05-05 11:29:35.156 | ERROR    | src.api.rakuten_client:_fetch:113 - APIエラー 429: { "statusCode": 429, "message": "Rate limit is exceeded. Try again in 1 seconds." }
2026-05-05 11:29:37.345 | DEBUG    | __main__:fetch_all:103 -   page 42/100: 30 件取得
2026-05-05 11:29:37.345 | INFO     | src.api.rakuten_client:search_items:158 - APIリクエスト: ふるさと納税 牛肉 page=43
2026-05-05 11:29:38.373 | DEBUG    | __main__:fetch_all:103 -   page 43/100: 30 件取得
2026-05-05 11:29:38.374 | INFO     | src.api.rakuten_client:search_items:158 - APIリクエスト: ふるさと納税 牛肉 page=44
2026-05-05 11:29:39.336 | DEBUG    | __main__:fetch_all:103 -   page 44/100: 30 件取得
2026-05-05 11:29:39.336 | INFO     | src.api.rakuten_client:search_items:158 - APIリクエスト: ふるさと納税 牛肉 page=45
2026-05-05 11:29:40.340 | DEBUG    | __main__:fetch_all:103 -   page 45/100: 30 件取得
2026-05-05 11:29:40.340 | INFO     | src.api.rakuten_client:search_items:158 - APIリクエスト: ふるさと納税 牛肉 page=46
2026-05-05 11:29:41.758 | DEBUG    | __main__:fetch_all:103 -   page 46/100: 30 件取得
2026-05-05 11:29:41.758 | INFO     | src.api.rakuten_client:search_items:158 - APIリクエスト: ふるさと納税 牛肉 page=47
2026-05-05 11:29:42.379 | DEBUG    | __main__:fetch_all:103 -   page 47/100: 30 件取得
2026-05-05 11:29:42.379 | INFO     | src.api.rakuten_client:search_items:158 - APIリクエスト: ふるさと納税 牛肉 page=48
2026-05-05 11:29:43.379 | DEBUG    | __main__:fetch_all:103 -   page 48/100: 30 件取得
2026-05-05 11:29:43.380 | INFO     | src.api.rakuten_client:search_items:158 - APIリクエスト: ふるさと納税 牛肉 page=49
2026-05-05 11:29:44.357 | DEBUG    | __main__:fetch_all:103 -   page 49/100: 30 件取得
2026-05-05 11:29:44.357 | INFO     | src.api.rakuten_client:search_items:158 - APIリクエスト: ふるさと納税 牛肉 page=50
2026-05-05 11:29:45.383 | DEBUG    | __main__:fetch_all:103 -   page 50/100: 30 件取得
2026-05-05 11:29:45.383 | INFO     | src.api.rakuten_client:search_items:158 - APIリクエスト: ふるさと納税 牛肉 page=51
2026-05-05 11:29:46.435 | DEBUG    | __main__:fetch_all:103 -   page 51/100: 30 件取得
2026-05-05 11:29:46.436 | INFO     | src.api.rakuten_client:search_items:158 - APIリクエスト: ふるさと納税 牛肉 page=52
2026-05-05 11:29:47.387 | DEBUG    | __main__:fetch_all:103 -   page 52/100: 30 件取得
2026-05-05 11:29:47.388 | INFO     | src.api.rakuten_client:search_items:158 - APIリクエスト: ふるさと納税 牛肉 page=53
2026-05-05 11:29:48.661 | DEBUG    | __main__:fetch_all:103 -   page 53/100: 30 件取得
2026-05-05 11:29:48.661 | INFO     | src.api.rakuten_client:search_items:158 - APIリクエスト: ふるさと納税 牛肉 page=54
2026-05-05 11:29:49.232 | ERROR    | src.api.rakuten_client:_fetch:113 - APIエラー 429: { "statusCode": 429, "message": "Rate limit is exceeded. Try again in 1 seconds." }
2026-05-05 11:29:51.334 | DEBUG    | __main__:fetch_all:103 -   page 54/100: 30 件取得
2026-05-05 11:29:51.334 | INFO     | src.api.rakuten_client:search_items:158 - APIリクエスト: ふるさと納税 牛肉 page=55
2026-05-05 11:29:52.411 | DEBUG    | __main__:fetch_all:103 -   page 55/100: 30 件取得
2026-05-05 11:29:52.412 | INFO     | src.api.rakuten_client:search_items:158 - APIリクエスト: ふるさと納税 牛肉 page=56
2026-05-05 11:29:53.413 | DEBUG    | __main__:fetch_all:103 -   page 56/100: 30 件取得
2026-05-05 11:29:53.413 | INFO     | src.api.rakuten_client:search_items:158 - APIリクエスト: ふるさと納税 牛肉 page=57
2026-05-05 11:29:54.396 | DEBUG    | __main__:fetch_all:103 -   page 57/100: 30 件取得
2026-05-05 11:29:54.396 | INFO     | src.api.rakuten_client:search_items:158 - APIリクエスト: ふるさと納税 牛肉 page=58
2026-05-05 11:29:55.385 | DEBUG    | __main__:fetch_all:103 -   page 58/100: 30 件取得
2026-05-05 11:29:55.385 | INFO     | src.api.rakuten_client:search_items:158 - APIリクエスト: ふるさと納税 牛肉 page=59
2026-05-05 11:29:56.439 | DEBUG    | __main__:fetch_all:103 -   page 59/100: 30 件取得
2026-05-05 11:29:56.440 | INFO     | src.api.rakuten_client:search_items:158 - APIリクエスト: ふるさと納税 牛肉 page=60
2026-05-05 11:29:57.411 | DEBUG    | __main__:fetch_all:103 -   page 60/100: 30 件取得
2026-05-05 11:29:57.411 | INFO     | src.api.rakuten_client:search_items:158 - APIリクエスト: ふるさと納税 牛肉 page=61
2026-05-05 11:29:58.452 | DEBUG    | __main__:fetch_all:103 -   page 61/100: 30 件取得
2026-05-05 11:29:58.453 | INFO     | src.api.rakuten_client:search_items:158 - APIリクエスト: ふるさと納税 牛肉 page=62
2026-05-05 11:29:59.462 | DEBUG    | __main__:fetch_all:103 -   page 62/100: 30 件取得
2026-05-05 11:29:59.462 | INFO     | src.api.rakuten_client:search_items:158 - APIリクエスト: ふるさと納税 牛肉 page=63
2026-05-05 11:30:00.429 | DEBUG    | __main__:fetch_all:103 -   page 63/100: 30 件取得
2026-05-05 11:30:00.430 | INFO     | src.api.rakuten_client:search_items:158 - APIリクエスト: ふるさと納税 牛肉 page=64
2026-05-05 11:30:01.419 | DEBUG    | __main__:fetch_all:103 -   page 64/100: 30 件取得
2026-05-05 11:30:01.419 | INFO     | src.api.rakuten_client:search_items:158 - APIリクエスト: ふるさと納税 牛肉 page=65
2026-05-05 11:30:02.441 | DEBUG    | __main__:fetch_all:103 -   page 65/100: 30 件取得
2026-05-05 11:30:02.442 | INFO     | src.api.rakuten_client:search_items:158 - APIリクエスト: ふるさと納税 牛肉 page=66
2026-05-05 11:30:03.417 | DEBUG    | __main__:fetch_all:103 -   page 66/100: 30 件取得
2026-05-05 11:30:03.418 | INFO     | src.api.rakuten_client:search_items:158 - APIリクエスト: ふるさと納税 牛肉 page=67
2026-05-05 11:30:04.429 | DEBUG    | __main__:fetch_all:103 -   page 67/100: 30 件取得
2026-05-05 11:30:04.429 | INFO     | src.api.rakuten_client:search_items:158 - APIリクエスト: ふるさと納税 牛肉 page=68
2026-05-05 11:30:05.455 | DEBUG    | __main__:fetch_all:103 -   page 68/100: 30 件取得
2026-05-05 11:30:05.456 | INFO     | src.api.rakuten_client:search_items:158 - APIリクエスト: ふるさと納税 牛肉 page=69
2026-05-05 11:30:06.412 | DEBUG    | __main__:fetch_all:103 -   page 69/100: 30 件取得
2026-05-05 11:30:06.412 | INFO     | src.api.rakuten_client:search_items:158 - APIリクエスト: ふるさと納税 牛肉 page=70
2026-05-05 11:30:07.406 | DEBUG    | __main__:fetch_all:103 -   page 70/100: 30 件取得
2026-05-05 11:30:07.406 | INFO     | src.api.rakuten_client:search_items:158 - APIリクエスト: ふるさと納税 牛肉 page=71
2026-05-05 11:30:08.417 | DEBUG    | __main__:fetch_all:103 -   page 71/100: 30 件取得
2026-05-05 11:30:08.417 | INFO     | src.api.rakuten_client:search_items:158 - APIリクエスト: ふるさと納税 牛肉 page=72
2026-05-05 11:30:09.381 | DEBUG    | __main__:fetch_all:103 -   page 72/100: 30 件取得
2026-05-05 11:30:09.381 | INFO     | src.api.rakuten_client:search_items:158 - APIリクエスト: ふるさと納税 牛肉 page=73
2026-05-05 11:30:10.406 | DEBUG    | __main__:fetch_all:103 -   page 73/100: 30 件取得
2026-05-05 11:30:10.407 | INFO     | src.api.rakuten_client:search_items:158 - APIリクエスト: ふるさと納税 牛肉 page=74
2026-05-05 11:30:11.390 | DEBUG    | __main__:fetch_all:103 -   page 74/100: 30 件取得
2026-05-05 11:30:11.391 | INFO     | src.api.rakuten_client:search_items:158 - APIリクエスト: ふるさと納税 牛肉 page=75
2026-05-05 11:30:12.388 | DEBUG    | __main__:fetch_all:103 -   page 75/100: 30 件取得
2026-05-05 11:30:12.388 | INFO     | src.api.rakuten_client:search_items:158 - APIリクエスト: ふるさと納税 牛肉 page=76
2026-05-05 11:30:13.481 | DEBUG    | __main__:fetch_all:103 -   page 76/100: 30 件取得
2026-05-05 11:30:13.481 | INFO     | src.api.rakuten_client:search_items:158 - APIリクエスト: ふるさと納税 牛肉 page=77
2026-05-05 11:30:14.414 | DEBUG    | __main__:fetch_all:103 -   page 77/100: 30 件取得
2026-05-05 11:30:14.415 | INFO     | src.api.rakuten_client:search_items:158 - APIリクエスト: ふるさと納税 牛肉 page=78
2026-05-05 11:30:15.476 | DEBUG    | __main__:fetch_all:103 -   page 78/100: 30 件取得
2026-05-05 11:30:15.476 | INFO     | src.api.rakuten_client:search_items:158 - APIリクエスト: ふるさと納税 牛肉 page=79
2026-05-05 11:30:16.414 | DEBUG    | __main__:fetch_all:103 -   page 79/100: 30 件取得
2026-05-05 11:30:16.414 | INFO     | src.api.rakuten_client:search_items:158 - APIリクエスト: ふるさと納税 牛肉 page=80
2026-05-05 11:30:17.446 | DEBUG    | __main__:fetch_all:103 -   page 80/100: 30 件取得
2026-05-05 11:30:17.447 | INFO     | src.api.rakuten_client:search_items:158 - APIリクエスト: ふるさと納税 牛肉 page=81
2026-05-05 11:30:18.426 | DEBUG    | __main__:fetch_all:103 -   page 81/100: 30 件取得
2026-05-05 11:30:18.426 | INFO     | src.api.rakuten_client:search_items:158 - APIリクエスト: ふるさと納税 牛肉 page=82
2026-05-05 11:30:25.878 | DEBUG    | __main__:fetch_all:103 -   page 82/100: 30 件取得
2026-05-05 11:30:25.879 | INFO     | src.api.rakuten_client:search_items:158 - APIリクエスト: ふるさと納税 牛肉 page=83
2026-05-05 11:30:26.064 | DEBUG    | __main__:fetch_all:103 -   page 83/100: 30 件取得
2026-05-05 11:30:26.064 | INFO     | src.api.rakuten_client:search_items:158 - APIリクエスト: ふるさと納税 牛肉 page=84
2026-05-05 11:30:27.053 | DEBUG    | __main__:fetch_all:103 -   page 84/100: 30 件取得
2026-05-05 11:30:27.053 | INFO     | src.api.rakuten_client:search_items:158 - APIリクエスト: ふるさと納税 牛肉 page=85
2026-05-05 11:30:28.008 | DEBUG    | __main__:fetch_all:103 -   page 85/100: 30 件取得
2026-05-05 11:30:28.009 | INFO     | src.api.rakuten_client:search_items:158 - APIリクエスト: ふるさと納税 牛肉 page=86
2026-05-05 11:30:29.051 | DEBUG    | __main__:fetch_all:103 -   page 86/100: 30 件取得
2026-05-05 11:30:29.051 | INFO     | src.api.rakuten_client:search_items:158 - APIリクエスト: ふるさと納税 牛肉 page=87
2026-05-05 11:30:30.004 | DEBUG    | __main__:fetch_all:103 -   page 87/100: 30 件取得
2026-05-05 11:30:30.004 | INFO     | src.api.rakuten_client:search_items:158 - APIリクエスト: ふるさと納税 牛肉 page=88
2026-05-05 11:30:31.076 | DEBUG    | __main__:fetch_all:103 -   page 88/100: 30 件取得
2026-05-05 11:30:31.076 | INFO     | src.api.rakuten_client:search_items:158 - APIリクエスト: ふるさと納税 牛肉 page=89
2026-05-05 11:30:32.024 | DEBUG    | __main__:fetch_all:103 -   page 89/100: 30 件取得
2026-05-05 11:30:32.024 | INFO     | src.api.rakuten_client:search_items:158 - APIリクエスト: ふるさと納税 牛肉 page=90
2026-05-05 11:30:33.344 | DEBUG    | __main__:fetch_all:103 -   page 90/100: 30 件取得
2026-05-05 11:30:33.344 | INFO     | src.api.rakuten_client:search_items:158 - APIリクエスト: ふるさと納税 牛肉 page=91
2026-05-05 11:30:33.938 | ERROR    | src.api.rakuten_client:_fetch:113 - APIエラー 429: { "statusCode": 429, "message": "Rate limit is exceeded. Try again in 1 seconds." }
2026-05-05 11:30:36.126 | DEBUG    | __main__:fetch_all:103 -   page 91/100: 30 件取得
2026-05-05 11:30:36.127 | INFO     | src.api.rakuten_client:search_items:158 - APIリクエスト: ふるさと納税 牛肉 page=92
2026-05-05 11:30:37.124 | DEBUG    | __main__:fetch_all:103 -   page 92/100: 30 件取得
2026-05-05 11:30:37.124 | INFO     | src.api.rakuten_client:search_items:158 - APIリクエスト: ふるさと納税 牛肉 page=93
2026-05-05 11:30:38.137 | DEBUG    | __main__:fetch_all:103 -   page 93/100: 30 件取得
2026-05-05 11:30:38.137 | INFO     | src.api.rakuten_client:search_items:158 - APIリクエスト: ふるさと納税 牛肉 page=94
2026-05-05 11:30:39.131 | DEBUG    | __main__:fetch_all:103 -   page 94/100: 30 件取得
2026-05-05 11:30:39.131 | INFO     | src.api.rakuten_client:search_items:158 - APIリクエスト: ふるさと納税 牛肉 page=95
2026-05-05 11:30:40.209 | DEBUG    | __main__:fetch_all:103 -   page 95/100: 30 件取得
2026-05-05 11:30:40.217 | INFO     | src.api.rakuten_client:search_items:158 - APIリクエスト: ふるさと納税 牛肉 page=96
2026-05-05 11:30:41.079 | DEBUG    | __main__:fetch_all:103 -   page 96/100: 30 件取得
2026-05-05 11:30:41.079 | INFO     | src.api.rakuten_client:search_items:158 - APIリクエスト: ふるさと納税 牛肉 page=97
2026-05-05 11:30:42.090 | DEBUG    | __main__:fetch_all:103 -   page 97/100: 30 件取得
2026-05-05 11:30:42.091 | INFO     | src.api.rakuten_client:search_items:158 - APIリクエスト: ふるさと納税 牛肉 page=98
2026-05-05 11:30:43.212 | DEBUG    | __main__:fetch_all:103 -   page 98/100: 30 件取得
2026-05-05 11:30:43.213 | INFO     | src.api.rakuten_client:search_items:158 - APIリクエスト: ふるさと納税 牛肉 page=99
2026-05-05 11:30:44.201 | DEBUG    | __main__:fetch_all:103 -   page 99/100: 30 件取得
2026-05-05 11:30:44.201 | INFO     | src.api.rakuten_client:search_items:158 - APIリクエスト: ふるさと納税 牛肉 page=100
2026-05-05 11:30:45.088 | DEBUG    | __main__:fetch_all:103 -   page 100/100: 30 件取得
2026-05-05 11:30:45.093 | DEBUG    | src.api.rakuten_client:search_items:155 - キャッシュヒット: ふるさと納税 豚肉 page=1
2026-05-05 11:30:45.093 | INFO     | __main__:fetch_all:87 - 取得開始: 'ふるさと納税 豚肉' (100 ページ)
2026-05-05 11:30:45.093 | INFO     | src.api.rakuten_client:search_items:158 - APIリクエスト: ふるさと納税 豚肉 page=1
2026-05-05 11:30:46.158 | DEBUG    | __main__:fetch_all:103 -   page 1/100: 30 件取得
2026-05-05 11:30:46.159 | INFO     | src.api.rakuten_client:search_items:158 - APIリクエスト: ふるさと納税 豚肉 page=2
2026-05-05 11:30:47.095 | DEBUG    | __main__:fetch_all:103 -   page 2/100: 30 件取得
2026-05-05 11:30:47.095 | INFO     | src.api.rakuten_client:search_items:158 - APIリクエスト: ふるさと納税 豚肉 page=3
2026-05-05 11:30:48.123 | DEBUG    | __main__:fetch_all:103 -   page 3/100: 30 件取得
2026-05-05 11:30:48.123 | INFO     | src.api.rakuten_client:search_items:158 - APIリクエスト: ふるさと納税 豚肉 page=4
2026-05-05 11:30:49.082 | DEBUG    | __main__:fetch_all:103 -   page 4/100: 30 件取得
2026-05-05 11:30:49.083 | INFO     | src.api.rakuten_client:search_items:158 - APIリクエスト: ふるさと納税 豚肉 page=5
2026-05-05 11:30:50.119 | DEBUG    | __main__:fetch_all:103 -   page 5/100: 30 件取得
2026-05-05 11:30:50.119 | INFO     | src.api.rakuten_client:search_items:158 - APIリクエスト: ふるさと納税 豚肉 page=6
2026-05-05 11:30:51.212 | DEBUG    | __main__:fetch_all:103 -   page 6/100: 30 件取得
2026-05-05 11:30:51.213 | INFO     | src.api.rakuten_client:search_items:158 - APIリクエスト: ふるさと納税 豚肉 page=7
2026-05-05 11:30:52.880 | DEBUG    | __main__:fetch_all:103 -   page 7/100: 30 件取得
2026-05-05 11:30:52.880 | INFO     | src.api.rakuten_client:search_items:158 - APIリクエスト: ふるさと納税 豚肉 page=8
2026-05-05 11:30:53.610 | DEBUG    | __main__:fetch_all:103 -   page 8/100: 30 件取得
2026-05-05 11:30:53.610 | INFO     | src.api.rakuten_client:search_items:158 - APIリクエスト: ふるさと納税 豚肉 page=9
2026-05-05 11:30:54.165 | DEBUG    | __main__:fetch_all:103 -   page 9/100: 30 件取得
2026-05-05 11:30:54.166 | INFO     | src.api.rakuten_client:search_items:158 - APIリクエスト: ふるさと納税 豚肉 page=10
2026-05-05 11:30:55.164 | DEBUG    | __main__:fetch_all:103 -   page 10/100: 30 件取得
2026-05-05 11:30:55.164 | INFO     | src.api.rakuten_client:search_items:158 - APIリクエスト: ふるさと納税 豚肉 page=11
2026-05-05 11:30:56.142 | DEBUG    | __main__:fetch_all:103 -   page 11/100: 30 件取得
2026-05-05 11:30:56.142 | INFO     | src.api.rakuten_client:search_items:158 - APIリクエスト: ふるさと納税 豚肉 page=12
2026-05-05 11:30:57.206 | DEBUG    | __main__:fetch_all:103 -   page 12/100: 30 件取得
2026-05-05 11:30:57.206 | INFO     | src.api.rakuten_client:search_items:158 - APIリクエスト: ふるさと納税 豚肉 page=13
2026-05-05 11:30:58.106 | DEBUG    | __main__:fetch_all:103 -   page 13/100: 30 件取得
2026-05-05 11:30:58.106 | INFO     | src.api.rakuten_client:search_items:158 - APIリクエスト: ふるさと納税 豚肉 page=14
2026-05-05 11:30:59.183 | DEBUG    | __main__:fetch_all:103 -   page 14/100: 30 件取得
2026-05-05 11:30:59.183 | INFO     | src.api.rakuten_client:search_items:158 - APIリクエスト: ふるさと納税 豚肉 page=15
2026-05-05 11:31:00.124 | DEBUG    | __main__:fetch_all:103 -   page 15/100: 30 件取得
2026-05-05 11:31:00.124 | INFO     | src.api.rakuten_client:search_items:158 - APIリクエスト: ふるさと納税 豚肉 page=16
2026-05-05 11:31:01.164 | DEBUG    | __main__:fetch_all:103 -   page 16/100: 30 件取得
2026-05-05 11:31:01.165 | INFO     | src.api.rakuten_client:search_items:158 - APIリクエスト: ふるさと納税 豚肉 page=17
2026-05-05 11:31:02.191 | DEBUG    | __main__:fetch_all:103 -   page 17/100: 30 件取得
2026-05-05 11:31:02.191 | INFO     | src.api.rakuten_client:search_items:158 - APIリクエスト: ふるさと納税 豚肉 page=18
2026-05-05 11:31:03.182 | DEBUG    | __main__:fetch_all:103 -   page 18/100: 30 件取得
2026-05-05 11:31:03.182 | INFO     | src.api.rakuten_client:search_items:158 - APIリクエスト: ふるさと納税 豚肉 page=19
2026-05-05 11:31:04.143 | DEBUG    | __main__:fetch_all:103 -   page 19/100: 30 件取得
2026-05-05 11:31:04.143 | INFO     | src.api.rakuten_client:search_items:158 - APIリクエスト: ふるさと納税 豚肉 page=20
2026-05-05 11:31:05.141 | DEBUG    | __main__:fetch_all:103 -   page 20/100: 30 件取得
2026-05-05 11:31:05.141 | INFO     | src.api.rakuten_client:search_items:158 - APIリクエスト: ふるさと納税 豚肉 page=21
2026-05-05 11:31:06.132 | DEBUG    | __main__:fetch_all:103 -   page 21/100: 30 件取得
2026-05-05 11:31:06.133 | INFO     | src.api.rakuten_client:search_items:158 - APIリクエスト: ふるさと納税 豚肉 page=22
2026-05-05 11:31:07.172 | DEBUG    | __main__:fetch_all:103 -   page 22/100: 30 件取得
2026-05-05 11:31:07.173 | INFO     | src.api.rakuten_client:search_items:158 - APIリクエスト: ふるさと納税 豚肉 page=23
2026-05-05 11:31:08.151 | DEBUG    | __main__:fetch_all:103 -   page 23/100: 30 件取得
2026-05-05 11:31:08.151 | INFO     | src.api.rakuten_client:search_items:158 - APIリクエスト: ふるさと納税 豚肉 page=24
2026-05-05 11:31:09.143 | DEBUG    | __main__:fetch_all:103 -   page 24/100: 30 件取得
2026-05-05 11:31:09.144 | INFO     | src.api.rakuten_client:search_items:158 - APIリクエスト: ふるさと納税 豚肉 page=25
2026-05-05 11:31:10.160 | DEBUG    | __main__:fetch_all:103 -   page 25/100: 30 件取得
2026-05-05 11:31:10.160 | INFO     | src.api.rakuten_client:search_items:158 - APIリクエスト: ふるさと納税 豚肉 page=26
2026-05-05 11:31:11.172 | DEBUG    | __main__:fetch_all:103 -   page 26/100: 30 件取得
2026-05-05 11:31:11.191 | INFO     | src.api.rakuten_client:search_items:158 - APIリクエスト: ふるさと納税 豚肉 page=27
2026-05-05 11:31:12.162 | DEBUG    | __main__:fetch_all:103 -   page 27/100: 30 件取得
2026-05-05 11:31:12.163 | INFO     | src.api.rakuten_client:search_items:158 - APIリクエスト: ふるさと納税 豚肉 page=28
2026-05-05 11:31:13.158 | DEBUG    | __main__:fetch_all:103 -   page 28/100: 30 件取得
2026-05-05 11:31:13.158 | INFO     | src.api.rakuten_client:search_items:158 - APIリクエスト: ふるさと納税 豚肉 page=29
2026-05-05 11:31:14.222 | DEBUG    | __main__:fetch_all:103 -   page 29/100: 30 件取得
2026-05-05 11:31:14.222 | INFO     | src.api.rakuten_client:search_items:158 - APIリクエスト: ふるさと納税 豚肉 page=30
2026-05-05 11:31:15.221 | DEBUG    | __main__:fetch_all:103 -   page 30/100: 30 件取得
2026-05-05 11:31:15.221 | INFO     | src.api.rakuten_client:search_items:158 - APIリクエスト: ふるさと納税 豚肉 page=31
2026-05-05 11:31:16.171 | DEBUG    | __main__:fetch_all:103 -   page 31/100: 30 件取得
2026-05-05 11:31:16.171 | INFO     | src.api.rakuten_client:search_items:158 - APIリクエスト: ふるさと納税 豚肉 page=32
2026-05-05 11:31:17.227 | DEBUG    | __main__:fetch_all:103 -   page 32/100: 30 件取得
2026-05-05 11:31:17.227 | INFO     | src.api.rakuten_client:search_items:158 - APIリクエスト: ふるさと納税 豚肉 page=33
2026-05-05 11:31:18.226 | DEBUG    | __main__:fetch_all:103 -   page 33/100: 30 件取得
2026-05-05 11:31:18.227 | INFO     | src.api.rakuten_client:search_items:158 - APIリクエスト: ふるさと納税 豚肉 page=34
2026-05-05 11:31:19.256 | DEBUG    | __main__:fetch_all:103 -   page 34/100: 30 件取得
2026-05-05 11:31:19.257 | INFO     | src.api.rakuten_client:search_items:158 - APIリクエスト: ふるさと納税 豚肉 page=35
2026-05-05 11:31:20.234 | DEBUG    | __main__:fetch_all:103 -   page 35/100: 30 件取得
2026-05-05 11:31:20.235 | INFO     | src.api.rakuten_client:search_items:158 - APIリクエスト: ふるさと納税 豚肉 page=36
2026-05-05 11:31:21.202 | DEBUG    | __main__:fetch_all:103 -   page 36/100: 30 件取得
2026-05-05 11:31:21.202 | INFO     | src.api.rakuten_client:search_items:158 - APIリクエスト: ふるさと納税 豚肉 page=37
2026-05-05 11:31:22.187 | DEBUG    | __main__:fetch_all:103 -   page 37/100: 30 件取得
2026-05-05 11:31:22.188 | INFO     | src.api.rakuten_client:search_items:158 - APIリクエスト: ふるさと納税 豚肉 page=38
2026-05-05 11:31:23.209 | DEBUG    | __main__:fetch_all:103 -   page 38/100: 30 件取得
2026-05-05 11:31:23.210 | INFO     | src.api.rakuten_client:search_items:158 - APIリクエスト: ふるさと納税 豚肉 page=39
2026-05-05 11:31:24.210 | DEBUG    | __main__:fetch_all:103 -   page 39/100: 30 件取得
2026-05-05 11:31:24.211 | INFO     | src.api.rakuten_client:search_items:158 - APIリクエスト: ふるさと納税 豚肉 page=40
2026-05-05 11:31:25.198 | DEBUG    | __main__:fetch_all:103 -   page 40/100: 30 件取得
2026-05-05 11:31:25.199 | INFO     | src.api.rakuten_client:search_items:158 - APIリクエスト: ふるさと納税 豚肉 page=41
2026-05-05 11:31:26.225 | DEBUG    | __main__:fetch_all:103 -   page 41/100: 30 件取得
2026-05-05 11:31:26.225 | INFO     | src.api.rakuten_client:search_items:158 - APIリクエスト: ふるさと納税 豚肉 page=42
2026-05-05 11:31:27.141 | ERROR    | src.api.rakuten_client:_fetch:113 - APIエラー 429: { "statusCode": 429, "message": "Rate limit is exceeded. Try again in 1 seconds." }
2026-05-05 11:31:29.248 | DEBUG    | __main__:fetch_all:103 -   page 42/100: 30 件取得
2026-05-05 11:31:29.249 | INFO     | src.api.rakuten_client:search_items:158 - APIリクエスト: ふるさと納税 豚肉 page=43
2026-05-05 11:31:30.436 | DEBUG    | __main__:fetch_all:103 -   page 43/100: 30 件取得
2026-05-05 11:31:30.437 | INFO     | src.api.rakuten_client:search_items:158 - APIリクエスト: ふるさと納税 豚肉 page=44
2026-05-05 11:31:31.326 | DEBUG    | __main__:fetch_all:103 -   page 44/100: 30 件取得
2026-05-05 11:31:31.326 | INFO     | src.api.rakuten_client:search_items:158 - APIリクエスト: ふるさと納税 豚肉 page=45
2026-05-05 11:31:32.690 | DEBUG    | __main__:fetch_all:103 -   page 45/100: 30 件取得
2026-05-05 11:31:32.690 | INFO     | src.api.rakuten_client:search_items:158 - APIリクエスト: ふるさと納税 豚肉 page=46
2026-05-05 11:31:33.326 | DEBUG    | __main__:fetch_all:103 -   page 46/100: 30 件取得
2026-05-05 11:31:33.326 | INFO     | src.api.rakuten_client:search_items:158 - APIリクエスト: ふるさと納税 豚肉 page=47
2026-05-05 11:31:34.253 | DEBUG    | __main__:fetch_all:103 -   page 47/100: 30 件取得
2026-05-05 11:31:34.253 | INFO     | src.api.rakuten_client:search_items:158 - APIリクエスト: ふるさと納税 豚肉 page=48
2026-05-05 11:31:35.684 | DEBUG    | __main__:fetch_all:103 -   page 48/100: 30 件取得
2026-05-05 11:31:35.684 | INFO     | src.api.rakuten_client:search_items:158 - APIリクエスト: ふるさと納税 豚肉 page=49
2026-05-05 11:31:36.323 | DEBUG    | __main__:fetch_all:103 -   page 49/100: 30 件取得
2026-05-05 11:31:36.323 | INFO     | src.api.rakuten_client:search_items:158 - APIリクエスト: ふるさと納税 豚肉 page=50
2026-05-05 11:31:37.269 | DEBUG    | __main__:fetch_all:103 -   page 50/100: 30 件取得
2026-05-05 11:31:37.270 | INFO     | src.api.rakuten_client:search_items:158 - APIリクエスト: ふるさと納税 豚肉 page=51
2026-05-05 11:31:38.265 | DEBUG    | __main__:fetch_all:103 -   page 51/100: 30 件取得
2026-05-05 11:31:38.266 | INFO     | src.api.rakuten_client:search_items:158 - APIリクエスト: ふるさと納税 豚肉 page=52
2026-05-05 11:31:39.290 | DEBUG    | __main__:fetch_all:103 -   page 52/100: 30 件取得
2026-05-05 11:31:39.290 | INFO     | src.api.rakuten_client:search_items:158 - APIリクエスト: ふるさと納税 豚肉 page=53
2026-05-05 11:31:40.277 | DEBUG    | __main__:fetch_all:103 -   page 53/100: 30 件取得
2026-05-05 11:31:40.277 | INFO     | src.api.rakuten_client:search_items:158 - APIリクエスト: ふるさと納税 豚肉 page=54
2026-05-05 11:31:41.270 | DEBUG    | __main__:fetch_all:103 -   page 54/100: 30 件取得
2026-05-05 11:31:41.270 | INFO     | src.api.rakuten_client:search_items:158 - APIリクエスト: ふるさと納税 豚肉 page=55
2026-05-05 11:31:42.261 | DEBUG    | __main__:fetch_all:103 -   page 55/100: 30 件取得
2026-05-05 11:31:42.261 | INFO     | src.api.rakuten_client:search_items:158 - APIリクエスト: ふるさと納税 豚肉 page=56
2026-05-05 11:31:43.290 | DEBUG    | __main__:fetch_all:103 -   page 56/100: 30 件取得
2026-05-05 11:31:43.290 | INFO     | src.api.rakuten_client:search_items:158 - APIリクエスト: ふるさと納税 豚肉 page=57
2026-05-05 11:31:44.296 | DEBUG    | __main__:fetch_all:103 -   page 57/100: 30 件取得
2026-05-05 11:31:44.297 | INFO     | src.api.rakuten_client:search_items:158 - APIリクエスト: ふるさと納税 豚肉 page=58
2026-05-05 11:31:45.277 | DEBUG    | __main__:fetch_all:103 -   page 58/100: 30 件取得
2026-05-05 11:31:45.277 | INFO     | src.api.rakuten_client:search_items:158 - APIリクエスト: ふるさと納税 豚肉 page=59
2026-05-05 11:31:46.293 | DEBUG    | __main__:fetch_all:103 -   page 59/100: 30 件取得
2026-05-05 11:31:46.294 | INFO     | src.api.rakuten_client:search_items:158 - APIリクエスト: ふるさと納税 豚肉 page=60
2026-05-05 11:31:47.372 | DEBUG    | __main__:fetch_all:103 -   page 60/100: 30 件取得
2026-05-05 11:31:47.373 | INFO     | src.api.rakuten_client:search_items:158 - APIリクエスト: ふるさと納税 豚肉 page=61
2026-05-05 11:31:48.708 | DEBUG    | __main__:fetch_all:103 -   page 61/100: 30 件取得
2026-05-05 11:31:48.708 | INFO     | src.api.rakuten_client:search_items:158 - APIリクエスト: ふるさと納税 豚肉 page=62
2026-05-05 11:31:49.285 | DEBUG    | __main__:fetch_all:103 -   page 62/100: 30 件取得
2026-05-05 11:31:49.285 | INFO     | src.api.rakuten_client:search_items:158 - APIリクエスト: ふるさと納税 豚肉 page=63
2026-05-05 11:31:50.286 | DEBUG    | __main__:fetch_all:103 -   page 63/100: 30 件取得
2026-05-05 11:31:50.287 | INFO     | src.api.rakuten_client:search_items:158 - APIリクエスト: ふるさと納税 豚肉 page=64
2026-05-05 11:31:51.613 | DEBUG    | __main__:fetch_all:103 -   page 64/100: 30 件取得
2026-05-05 11:31:51.614 | INFO     | src.api.rakuten_client:search_items:158 - APIリクエスト: ふるさと納税 豚肉 page=65
2026-05-05 11:31:52.220 | ERROR    | src.api.rakuten_client:_fetch:113 - APIエラー 429: { "statusCode": 429, "message": "Rate limit is exceeded. Try again in 1 seconds." }
2026-05-05 11:31:54.371 | DEBUG    | __main__:fetch_all:103 -   page 65/100: 30 件取得
2026-05-05 11:31:54.372 | INFO     | src.api.rakuten_client:search_items:158 - APIリクエスト: ふるさと納税 豚肉 page=66
2026-05-05 11:31:55.363 | DEBUG    | __main__:fetch_all:103 -   page 66/100: 30 件取得
2026-05-05 11:31:55.363 | INFO     | src.api.rakuten_client:search_items:158 - APIリクエスト: ふるさと納税 豚肉 page=67
2026-05-05 11:31:56.424 | DEBUG    | __main__:fetch_all:103 -   page 67/100: 30 件取得
2026-05-05 11:31:56.424 | INFO     | src.api.rakuten_client:search_items:158 - APIリクエスト: ふるさと納税 豚肉 page=68
2026-05-05 11:31:57.376 | DEBUG    | __main__:fetch_all:103 -   page 68/100: 30 件取得
2026-05-05 11:31:57.377 | INFO     | src.api.rakuten_client:search_items:158 - APIリクエスト: ふるさと納税 豚肉 page=69
2026-05-05 11:31:58.398 | DEBUG    | __main__:fetch_all:103 -   page 69/100: 30 件取得
2026-05-05 11:31:58.398 | INFO     | src.api.rakuten_client:search_items:158 - APIリクエスト: ふるさと納税 豚肉 page=70
2026-05-05 11:31:59.423 | DEBUG    | __main__:fetch_all:103 -   page 70/100: 30 件取得
2026-05-05 11:31:59.424 | INFO     | src.api.rakuten_client:search_items:158 - APIリクエスト: ふるさと納税 豚肉 page=71
2026-05-05 11:32:00.390 | DEBUG    | __main__:fetch_all:103 -   page 71/100: 30 件取得
2026-05-05 11:32:00.390 | INFO     | src.api.rakuten_client:search_items:158 - APIリクエスト: ふるさと納税 豚肉 page=72
2026-05-05 11:32:01.345 | DEBUG    | __main__:fetch_all:103 -   page 72/100: 30 件取得
2026-05-05 11:32:01.345 | INFO     | src.api.rakuten_client:search_items:158 - APIリクエスト: ふるさと納税 豚肉 page=73
2026-05-05 11:32:02.344 | DEBUG    | __main__:fetch_all:103 -   page 73/100: 30 件取得
2026-05-05 11:32:02.344 | INFO     | src.api.rakuten_client:search_items:158 - APIリクエスト: ふるさと納税 豚肉 page=74
2026-05-05 11:32:03.393 | DEBUG    | __main__:fetch_all:103 -   page 74/100: 30 件取得
2026-05-05 11:32:03.396 | INFO     | src.api.rakuten_client:search_items:158 - APIリクエスト: ふるさと納税 豚肉 page=75
2026-05-05 11:32:04.343 | DEBUG    | __main__:fetch_all:103 -   page 75/100: 30 件取得
2026-05-05 11:32:04.343 | INFO     | src.api.rakuten_client:search_items:158 - APIリクエスト: ふるさと納税 豚肉 page=76
2026-05-05 11:32:05.340 | DEBUG    | __main__:fetch_all:103 -   page 76/100: 30 件取得
2026-05-05 11:32:05.340 | INFO     | src.api.rakuten_client:search_items:158 - APIリクエスト: ふるさと納税 豚肉 page=77
2026-05-05 11:32:06.418 | DEBUG    | __main__:fetch_all:103 -   page 77/100: 30 件取得
2026-05-05 11:32:06.418 | INFO     | src.api.rakuten_client:search_items:158 - APIリクエスト: ふるさと納税 豚肉 page=78
2026-05-05 11:32:07.388 | DEBUG    | __main__:fetch_all:103 -   page 78/100: 30 件取得
2026-05-05 11:32:07.388 | INFO     | src.api.rakuten_client:search_items:158 - APIリクエスト: ふるさと納税 豚肉 page=79
2026-05-05 11:32:08.361 | DEBUG    | __main__:fetch_all:103 -   page 79/100: 30 件取得
2026-05-05 11:32:08.361 | INFO     | src.api.rakuten_client:search_items:158 - APIリクエスト: ふるさと納税 豚肉 page=80
2026-05-05 11:32:09.386 | DEBUG    | __main__:fetch_all:103 -   page 80/100: 30 件取得
2026-05-05 11:32:09.386 | INFO     | src.api.rakuten_client:search_items:158 - APIリクエスト: ふるさと納税 豚肉 page=81
2026-05-05 11:32:10.502 | DEBUG    | __main__:fetch_all:103 -   page 81/100: 30 件取得
2026-05-05 11:32:10.502 | INFO     | src.api.rakuten_client:search_items:158 - APIリクエスト: ふるさと納税 豚肉 page=82
2026-05-05 11:32:11.374 | DEBUG    | __main__:fetch_all:103 -   page 82/100: 30 件取得
2026-05-05 11:32:11.375 | INFO     | src.api.rakuten_client:search_items:158 - APIリクエスト: ふるさと納税 豚肉 page=83
2026-05-05 11:32:12.375 | DEBUG    | __main__:fetch_all:103 -   page 83/100: 30 件取得
2026-05-05 11:32:12.376 | INFO     | src.api.rakuten_client:search_items:158 - APIリクエスト: ふるさと納税 豚肉 page=84
2026-05-05 11:32:13.397 | DEBUG    | __main__:fetch_all:103 -   page 84/100: 30 件取得
2026-05-05 11:32:13.397 | INFO     | src.api.rakuten_client:search_items:158 - APIリクエスト: ふるさと納税 豚肉 page=85
2026-05-05 11:32:14.390 | DEBUG    | __main__:fetch_all:103 -   page 85/100: 30 件取得
2026-05-05 11:32:14.390 | INFO     | src.api.rakuten_client:search_items:158 - APIリクエスト: ふるさと納税 豚肉 page=86
2026-05-05 11:32:15.781 | DEBUG    | __main__:fetch_all:103 -   page 86/100: 30 件取得
2026-05-05 11:32:15.781 | INFO     | src.api.rakuten_client:search_items:158 - APIリクエスト: ふるさと納税 豚肉 page=87
2026-05-05 11:32:16.321 | ERROR    | src.api.rakuten_client:_fetch:113 - APIエラー 429: { "statusCode": 429, "message": "Rate limit is exceeded. Try again in 1 seconds." }
2026-05-05 11:32:18.472 | DEBUG    | __main__:fetch_all:103 -   page 87/100: 30 件取得
2026-05-05 11:32:18.472 | INFO     | src.api.rakuten_client:search_items:158 - APIリクエスト: ふるさと納税 豚肉 page=88
2026-05-05 11:32:19.471 | DEBUG    | __main__:fetch_all:103 -   page 88/100: 30 件取得
2026-05-05 11:32:19.472 | INFO     | src.api.rakuten_client:search_items:158 - APIリクエスト: ふるさと納税 豚肉 page=89
2026-05-05 11:32:20.493 | DEBUG    | __main__:fetch_all:103 -   page 89/100: 30 件取得
2026-05-05 11:32:20.493 | INFO     | src.api.rakuten_client:search_items:158 - APIリクエスト: ふるさと納税 豚肉 page=90
2026-05-05 11:32:21.435 | DEBUG    | __main__:fetch_all:103 -   page 90/100: 30 件取得
2026-05-05 11:32:21.436 | INFO     | src.api.rakuten_client:search_items:158 - APIリクエスト: ふるさと納税 豚肉 page=91
2026-05-05 11:32:22.484 | DEBUG    | __main__:fetch_all:103 -   page 91/100: 30 件取得
2026-05-05 11:32:22.484 | INFO     | src.api.rakuten_client:search_items:158 - APIリクエスト: ふるさと納税 豚肉 page=92
2026-05-05 11:32:23.481 | DEBUG    | __main__:fetch_all:103 -   page 92/100: 30 件取得
2026-05-05 11:32:23.481 | INFO     | src.api.rakuten_client:search_items:158 - APIリクエスト: ふるさと納税 豚肉 page=93
2026-05-05 11:32:24.495 | DEBUG    | __main__:fetch_all:103 -   page 93/100: 30 件取得
2026-05-05 11:32:24.495 | INFO     | src.api.rakuten_client:search_items:158 - APIリクエスト: ふるさと納税 豚肉 page=94
2026-05-05 11:32:25.498 | DEBUG    | __main__:fetch_all:103 -   page 94/100: 30 件取得
2026-05-05 11:32:25.498 | INFO     | src.api.rakuten_client:search_items:158 - APIリクエスト: ふるさと納税 豚肉 page=95
2026-05-05 11:32:26.456 | DEBUG    | __main__:fetch_all:103 -   page 95/100: 30 件取得
2026-05-05 11:32:26.457 | INFO     | src.api.rakuten_client:search_items:158 - APIリクエスト: ふるさと納税 豚肉 page=96
2026-05-05 11:32:27.513 | DEBUG    | __main__:fetch_all:103 -   page 96/100: 30 件取得
2026-05-05 11:32:27.514 | INFO     | src.api.rakuten_client:search_items:158 - APIリクエスト: ふるさと納税 豚肉 page=97
2026-05-05 11:32:28.507 | DEBUG    | __main__:fetch_all:103 -   page 97/100: 30 件取得
2026-05-05 11:32:28.507 | INFO     | src.api.rakuten_client:search_items:158 - APIリクエスト: ふるさと納税 豚肉 page=98
2026-05-05 11:32:29.503 | DEBUG    | __main__:fetch_all:103 -   page 98/100: 30 件取得
2026-05-05 11:32:29.503 | INFO     | src.api.rakuten_client:search_items:158 - APIリクエスト: ふるさと納税 豚肉 page=99
2026-05-05 11:32:30.539 | DEBUG    | __main__:fetch_all:103 -   page 99/100: 30 件取得
2026-05-05 11:32:30.539 | INFO     | src.api.rakuten_client:search_items:158 - APIリクエスト: ふるさと納税 豚肉 page=100
2026-05-05 11:32:31.461 | DEBUG    | __main__:fetch_all:103 -   page 100/100: 30 件取得
2026-05-05 11:32:31.469 | DEBUG    | src.api.rakuten_client:search_items:155 - キャッシュヒット: ふるさと納税 鶏肉 page=1
2026-05-05 11:32:31.469 | INFO     | __main__:fetch_all:87 - 取得開始: 'ふるさと納税 鶏肉' (100 ページ)
2026-05-05 11:32:31.470 | INFO     | src.api.rakuten_client:search_items:158 - APIリクエスト: ふるさと納税 鶏肉 page=1
2026-05-05 11:32:32.605 | DEBUG    | __main__:fetch_all:103 -   page 1/100: 30 件取得
2026-05-05 11:32:32.606 | INFO     | src.api.rakuten_client:search_items:158 - APIリクエスト: ふるさと納税 鶏肉 page=2
2026-05-05 11:32:33.606 | DEBUG    | __main__:fetch_all:103 -   page 2/100: 30 件取得
2026-05-05 11:32:33.607 | INFO     | src.api.rakuten_client:search_items:158 - APIリクエスト: ふるさと納税 鶏肉 page=3
2026-05-05 11:32:34.396 | ERROR    | src.api.rakuten_client:_fetch:113 - APIエラー 429: { "statusCode": 429, "message": "Rate limit is exceeded. Try again in 1 seconds." }
2026-05-05 11:32:36.578 | DEBUG    | __main__:fetch_all:103 -   page 3/100: 30 件取得
2026-05-05 11:32:36.579 | INFO     | src.api.rakuten_client:search_items:158 - APIリクエスト: ふるさと納税 鶏肉 page=4
2026-05-05 11:32:37.562 | DEBUG    | __main__:fetch_all:103 -   page 4/100: 30 件取得
2026-05-05 11:32:37.563 | INFO     | src.api.rakuten_client:search_items:158 - APIリクエスト: ふるさと納税 鶏肉 page=5
2026-05-05 11:32:38.514 | DEBUG    | __main__:fetch_all:103 -   page 5/100: 30 件取得
2026-05-05 11:32:38.514 | INFO     | src.api.rakuten_client:search_items:158 - APIリクエスト: ふるさと納税 鶏肉 page=6
2026-05-05 11:32:39.519 | DEBUG    | __main__:fetch_all:103 -   page 6/100: 30 件取得
2026-05-05 11:32:39.520 | INFO     | src.api.rakuten_client:search_items:158 - APIリクエスト: ふるさと納税 鶏肉 page=7
2026-05-05 11:32:40.521 | DEBUG    | __main__:fetch_all:103 -   page 7/100: 30 件取得
2026-05-05 11:32:40.522 | INFO     | src.api.rakuten_client:search_items:158 - APIリクエスト: ふるさと納税 鶏肉 page=8
2026-05-05 11:32:41.576 | DEBUG    | __main__:fetch_all:103 -   page 8/100: 30 件取得
2026-05-05 11:32:41.577 | INFO     | src.api.rakuten_client:search_items:158 - APIリクエスト: ふるさと納税 鶏肉 page=9
2026-05-05 11:32:42.625 | DEBUG    | __main__:fetch_all:103 -   page 9/100: 30 件取得
2026-05-05 11:32:42.626 | INFO     | src.api.rakuten_client:search_items:158 - APIリクエスト: ふるさと納税 鶏肉 page=10
2026-05-05 11:32:43.536 | DEBUG    | __main__:fetch_all:103 -   page 10/100: 30 件取得
2026-05-05 11:32:43.537 | INFO     | src.api.rakuten_client:search_items:158 - APIリクエスト: ふるさと納税 鶏肉 page=11
2026-05-05 11:32:44.596 | DEBUG    | __main__:fetch_all:103 -   page 11/100: 30 件取得
2026-05-05 11:32:44.597 | INFO     | src.api.rakuten_client:search_items:158 - APIリクエスト: ふるさと納税 鶏肉 page=12
2026-05-05 11:32:45.693 | DEBUG    | __main__:fetch_all:103 -   page 12/100: 30 件取得
2026-05-05 11:32:45.694 | INFO     | src.api.rakuten_client:search_items:158 - APIリクエスト: ふるさと納税 鶏肉 page=13
2026-05-05 11:32:46.467 | ERROR    | src.api.rakuten_client:_fetch:113 - APIエラー 429: { "statusCode": 429, "message": "Rate limit is exceeded. Try again in 1 seconds." }
2026-05-05 11:32:48.626 | DEBUG    | __main__:fetch_all:103 -   page 13/100: 30 件取得
2026-05-05 11:32:48.626 | INFO     | src.api.rakuten_client:search_items:158 - APIリクエスト: ふるさと納税 鶏肉 page=14
2026-05-05 11:32:50.369 | DEBUG    | __main__:fetch_all:103 -   page 14/100: 30 件取得
2026-05-05 11:32:50.370 | INFO     | src.api.rakuten_client:search_items:158 - APIリクエスト: ふるさと納税 鶏肉 page=15
2026-05-05 11:32:50.620 | DEBUG    | __main__:fetch_all:103 -   page 15/100: 30 件取得
2026-05-05 11:32:50.621 | INFO     | src.api.rakuten_client:search_items:158 - APIリクエスト: ふるさと納税 鶏肉 page=16
2026-05-05 11:32:51.620 | DEBUG    | __main__:fetch_all:103 -   page 16/100: 30 件取得
2026-05-05 11:32:51.620 | INFO     | src.api.rakuten_client:search_items:158 - APIリクエスト: ふるさと納税 鶏肉 page=17
2026-05-05 11:32:52.641 | DEBUG    | __main__:fetch_all:103 -   page 17/100: 30 件取得
2026-05-05 11:32:52.641 | INFO     | src.api.rakuten_client:search_items:158 - APIリクエスト: ふるさと納税 鶏肉 page=18
2026-05-05 11:32:53.641 | DEBUG    | __main__:fetch_all:103 -   page 18/100: 30 件取得
2026-05-05 11:32:53.641 | INFO     | src.api.rakuten_client:search_items:158 - APIリクエスト: ふるさと納税 鶏肉 page=19
2026-05-05 11:32:55.085 | DEBUG    | __main__:fetch_all:103 -   page 19/100: 30 件取得
2026-05-05 11:32:55.085 | INFO     | src.api.rakuten_client:search_items:158 - APIリクエスト: ふるさと納税 鶏肉 page=20
2026-05-05 11:32:55.643 | DEBUG    | __main__:fetch_all:103 -   page 20/100: 30 件取得
2026-05-05 11:32:55.643 | INFO     | src.api.rakuten_client:search_items:158 - APIリクエスト: ふるさと納税 鶏肉 page=21
2026-05-05 11:32:57.228 | DEBUG    | __main__:fetch_all:103 -   page 21/100: 30 件取得
2026-05-05 11:32:57.229 | INFO     | src.api.rakuten_client:search_items:158 - APIリクエスト: ふるさと納税 鶏肉 page=22
2026-05-05 11:32:57.589 | DEBUG    | __main__:fetch_all:103 -   page 22/100: 30 件取得
2026-05-05 11:32:57.589 | INFO     | src.api.rakuten_client:search_items:158 - APIリクエスト: ふるさと納税 鶏肉 page=23
2026-05-05 11:32:58.655 | DEBUG    | __main__:fetch_all:103 -   page 23/100: 30 件取得
2026-05-05 11:32:58.656 | INFO     | src.api.rakuten_client:search_items:158 - APIリクエスト: ふるさと納税 鶏肉 page=24
2026-05-05 11:32:59.605 | DEBUG    | __main__:fetch_all:103 -   page 24/100: 30 件取得
2026-05-05 11:32:59.606 | INFO     | src.api.rakuten_client:search_items:158 - APIリクエスト: ふるさと納税 鶏肉 page=25
2026-05-05 11:33:00.600 | DEBUG    | __main__:fetch_all:103 -   page 25/100: 30 件取得
2026-05-05 11:33:00.601 | INFO     | src.api.rakuten_client:search_items:158 - APIリクエスト: ふるさと納税 鶏肉 page=26
2026-05-05 11:33:01.576 | DEBUG    | __main__:fetch_all:103 -   page 26/100: 30 件取得
2026-05-05 11:33:01.596 | INFO     | src.api.rakuten_client:search_items:158 - APIリクエスト: ふるさと納税 鶏肉 page=27
2026-05-05 11:33:02.758 | DEBUG    | __main__:fetch_all:103 -   page 27/100: 30 件取得
2026-05-05 11:33:02.758 | INFO     | src.api.rakuten_client:search_items:158 - APIリクエスト: ふるさと納税 鶏肉 page=28
2026-05-05 11:33:03.673 | DEBUG    | __main__:fetch_all:103 -   page 28/100: 30 件取得
2026-05-05 11:33:03.674 | INFO     | src.api.rakuten_client:search_items:158 - APIリクエスト: ふるさと納税 鶏肉 page=29
2026-05-05 11:33:04.690 | DEBUG    | __main__:fetch_all:103 -   page 29/100: 30 件取得
2026-05-05 11:33:04.691 | INFO     | src.api.rakuten_client:search_items:158 - APIリクエスト: ふるさと納税 鶏肉 page=30
2026-05-05 11:33:05.600 | DEBUG    | __main__:fetch_all:103 -   page 30/100: 30 件取得
2026-05-05 11:33:05.600 | INFO     | src.api.rakuten_client:search_items:158 - APIリクエスト: ふるさと納税 鶏肉 page=31
2026-05-05 11:33:06.681 | DEBUG    | __main__:fetch_all:103 -   page 31/100: 30 件取得
2026-05-05 11:33:06.685 | INFO     | src.api.rakuten_client:search_items:158 - APIリクエスト: ふるさと納税 鶏肉 page=32
2026-05-05 11:33:07.706 | DEBUG    | __main__:fetch_all:103 -   page 32/100: 30 件取得
2026-05-05 11:33:07.707 | INFO     | src.api.rakuten_client:search_items:158 - APIリクエスト: ふるさと納税 鶏肉 page=33
2026-05-05 11:33:08.605 | DEBUG    | __main__:fetch_all:103 -   page 33/100: 30 件取得
2026-05-05 11:33:08.605 | INFO     | src.api.rakuten_client:search_items:158 - APIリクエスト: ふるさと納税 鶏肉 page=34
2026-05-05 11:33:09.645 | DEBUG    | __main__:fetch_all:103 -   page 34/100: 30 件取得
2026-05-05 11:33:09.645 | INFO     | src.api.rakuten_client:search_items:158 - APIリクエスト: ふるさと納税 鶏肉 page=35
2026-05-05 11:33:10.626 | DEBUG    | __main__:fetch_all:103 -   page 35/100: 30 件取得
2026-05-05 11:33:10.626 | INFO     | src.api.rakuten_client:search_items:158 - APIリクエスト: ふるさと納税 鶏肉 page=36
2026-05-05 11:33:11.560 | ERROR    | src.api.rakuten_client:_fetch:113 - APIエラー 429: { "statusCode": 429, "message": "Rate limit is exceeded. Try again in 1 seconds." }
2026-05-05 11:33:13.672 | DEBUG    | __main__:fetch_all:103 -   page 36/100: 30 件取得
2026-05-05 11:33:13.672 | INFO     | src.api.rakuten_client:search_items:158 - APIリクエスト: ふるさと納税 鶏肉 page=37
2026-05-05 11:33:14.670 | DEBUG    | __main__:fetch_all:103 -   page 37/100: 30 件取得
2026-05-05 11:33:14.670 | INFO     | src.api.rakuten_client:search_items:158 - APIリクエスト: ふるさと納税 鶏肉 page=38
2026-05-05 11:33:15.754 | DEBUG    | __main__:fetch_all:103 -   page 38/100: 30 件取得
2026-05-05 11:33:15.755 | INFO     | src.api.rakuten_client:search_items:158 - APIリクエスト: ふるさと納税 鶏肉 page=39
2026-05-05 11:33:16.712 | DEBUG    | __main__:fetch_all:103 -   page 39/100: 30 件取得
2026-05-05 11:33:16.712 | INFO     | src.api.rakuten_client:search_items:158 - APIリクエスト: ふるさと納税 鶏肉 page=40
2026-05-05 11:33:17.675 | DEBUG    | __main__:fetch_all:103 -   page 40/100: 30 件取得
2026-05-05 11:33:17.675 | INFO     | src.api.rakuten_client:search_items:158 - APIリクエスト: ふるさと納税 鶏肉 page=41
2026-05-05 11:33:18.602 | ERROR    | src.api.rakuten_client:_fetch:113 - APIエラー 429: { "statusCode": 429, "message": "Rate limit is exceeded. Try again in 1 seconds." }
2026-05-05 11:33:20.686 | DEBUG    | __main__:fetch_all:103 -   page 41/100: 30 件取得
2026-05-05 11:33:20.704 | INFO     | src.api.rakuten_client:search_items:158 - APIリクエスト: ふるさと納税 鶏肉 page=42
2026-05-05 11:33:21.691 | DEBUG    | __main__:fetch_all:103 -   page 42/100: 30 件取得
2026-05-05 11:33:21.691 | INFO     | src.api.rakuten_client:search_items:158 - APIリクエスト: ふるさと納税 鶏肉 page=43
2026-05-05 11:33:22.701 | DEBUG    | __main__:fetch_all:103 -   page 43/100: 30 件取得
2026-05-05 11:33:22.701 | INFO     | src.api.rakuten_client:search_items:158 - APIリクエスト: ふるさと納税 鶏肉 page=44
2026-05-05 11:33:23.691 | DEBUG    | __main__:fetch_all:103 -   page 44/100: 30 件取得
2026-05-05 11:33:23.691 | INFO     | src.api.rakuten_client:search_items:158 - APIリクエスト: ふるさと納税 鶏肉 page=45
2026-05-05 11:33:24.699 | DEBUG    | __main__:fetch_all:103 -   page 45/100: 30 件取得
2026-05-05 11:33:24.699 | INFO     | src.api.rakuten_client:search_items:158 - APIリクエスト: ふるさと納税 鶏肉 page=46
2026-05-05 11:33:25.736 | DEBUG    | __main__:fetch_all:103 -   page 46/100: 30 件取得
2026-05-05 11:33:25.737 | INFO     | src.api.rakuten_client:search_items:158 - APIリクエスト: ふるさと納税 鶏肉 page=47
2026-05-05 11:33:26.706 | DEBUG    | __main__:fetch_all:103 -   page 47/100: 30 件取得
2026-05-05 11:33:26.706 | INFO     | src.api.rakuten_client:search_items:158 - APIリクエスト: ふるさと納税 鶏肉 page=48
2026-05-05 11:33:27.770 | DEBUG    | __main__:fetch_all:103 -   page 48/100: 30 件取得
2026-05-05 11:33:27.770 | INFO     | src.api.rakuten_client:search_items:158 - APIリクエスト: ふるさと納税 鶏肉 page=49
2026-05-05 11:33:28.637 | ERROR    | src.api.rakuten_client:_fetch:113 - APIエラー 429: { "statusCode": 429, "message": "Rate limit is exceeded. Try again in 1 seconds." }
2026-05-05 11:33:30.739 | DEBUG    | __main__:fetch_all:103 -   page 49/100: 30 件取得
2026-05-05 11:33:30.740 | INFO     | src.api.rakuten_client:search_items:158 - APIリクエスト: ふるさと納税 鶏肉 page=50
2026-05-05 11:33:32.356 | DEBUG    | __main__:fetch_all:103 -   page 50/100: 30 件取得
2026-05-05 11:33:32.356 | INFO     | src.api.rakuten_client:search_items:158 - APIリクエスト: ふるさと納税 鶏肉 page=51
2026-05-05 11:33:32.736 | DEBUG    | __main__:fetch_all:103 -   page 51/100: 30 件取得
2026-05-05 11:33:32.737 | INFO     | src.api.rakuten_client:search_items:158 - APIリクエスト: ふるさと納税 鶏肉 page=52
2026-05-05 11:33:34.148 | DEBUG    | __main__:fetch_all:103 -   page 52/100: 30 件取得
2026-05-05 11:33:34.149 | INFO     | src.api.rakuten_client:search_items:158 - APIリクエスト: ふるさと納税 鶏肉 page=53
2026-05-05 11:33:34.757 | DEBUG    | __main__:fetch_all:103 -   page 53/100: 30 件取得
2026-05-05 11:33:34.758 | INFO     | src.api.rakuten_client:search_items:158 - APIリクエスト: ふるさと納税 鶏肉 page=54
2026-05-05 11:33:35.752 | DEBUG    | __main__:fetch_all:103 -   page 54/100: 30 件取得
2026-05-05 11:33:35.753 | INFO     | src.api.rakuten_client:search_items:158 - APIリクエスト: ふるさと納税 鶏肉 page=55
2026-05-05 11:33:36.843 | DEBUG    | __main__:fetch_all:103 -   page 55/100: 30 件取得
2026-05-05 11:33:36.844 | INFO     | src.api.rakuten_client:search_items:158 - APIリクエスト: ふるさと納税 鶏肉 page=56
2026-05-05 11:33:37.777 | DEBUG    | __main__:fetch_all:103 -   page 56/100: 30 件取得
2026-05-05 11:33:37.777 | INFO     | src.api.rakuten_client:search_items:158 - APIリクエスト: ふるさと納税 鶏肉 page=57
2026-05-05 11:33:38.770 | DEBUG    | __main__:fetch_all:103 -   page 57/100: 30 件取得
2026-05-05 11:33:38.771 | INFO     | src.api.rakuten_client:search_items:158 - APIリクエスト: ふるさと納税 鶏肉 page=58
2026-05-05 11:33:39.764 | DEBUG    | __main__:fetch_all:103 -   page 58/100: 30 件取得
2026-05-05 11:33:39.764 | INFO     | src.api.rakuten_client:search_items:158 - APIリクエスト: ふるさと納税 鶏肉 page=59
2026-05-05 11:33:40.782 | DEBUG    | __main__:fetch_all:103 -   page 59/100: 30 件取得
2026-05-05 11:33:40.783 | INFO     | src.api.rakuten_client:search_items:158 - APIリクエスト: ふるさと納税 鶏肉 page=60
2026-05-05 11:33:41.789 | DEBUG    | __main__:fetch_all:103 -   page 60/100: 30 件取得
2026-05-05 11:33:41.789 | INFO     | src.api.rakuten_client:search_items:158 - APIリクエスト: ふるさと納税 鶏肉 page=61
2026-05-05 11:33:42.780 | DEBUG    | __main__:fetch_all:103 -   page 61/100: 30 件取得
2026-05-05 11:33:42.783 | INFO     | src.api.rakuten_client:search_items:158 - APIリクエスト: ふるさと納税 鶏肉 page=62
2026-05-05 11:33:43.867 | DEBUG    | __main__:fetch_all:103 -   page 62/100: 30 件取得
2026-05-05 11:33:43.868 | INFO     | src.api.rakuten_client:search_items:158 - APIリクエスト: ふるさと納税 鶏肉 page=63
2026-05-05 11:33:44.717 | ERROR    | src.api.rakuten_client:_fetch:113 - APIエラー 429: { "statusCode": 429, "message": "Rate limit is exceeded. Try again in 1 seconds." }
2026-05-05 11:33:46.822 | DEBUG    | __main__:fetch_all:103 -   page 63/100: 30 件取得
2026-05-05 11:33:46.822 | INFO     | src.api.rakuten_client:search_items:158 - APIリクエスト: ふるさと納税 鶏肉 page=64
2026-05-05 11:33:47.886 | DEBUG    | __main__:fetch_all:103 -   page 64/100: 30 件取得
2026-05-05 11:33:47.886 | INFO     | src.api.rakuten_client:search_items:158 - APIリクエスト: ふるさと納税 鶏肉 page=65
2026-05-05 11:33:48.867 | DEBUG    | __main__:fetch_all:103 -   page 65/100: 30 件取得
2026-05-05 11:33:48.868 | INFO     | src.api.rakuten_client:search_items:158 - APIリクエスト: ふるさと納税 鶏肉 page=66
2026-05-05 11:33:49.831 | DEBUG    | __main__:fetch_all:103 -   page 66/100: 30 件取得
2026-05-05 11:33:49.832 | INFO     | src.api.rakuten_client:search_items:158 - APIリクエスト: ふるさと納税 鶏肉 page=67
2026-05-05 11:33:50.827 | DEBUG    | __main__:fetch_all:103 -   page 67/100: 30 件取得
2026-05-05 11:33:50.831 | INFO     | src.api.rakuten_client:search_items:158 - APIリクエスト: ふるさと納税 鶏肉 page=68
2026-05-05 11:33:51.896 | DEBUG    | __main__:fetch_all:103 -   page 68/100: 30 件取得
2026-05-05 11:33:51.898 | INFO     | src.api.rakuten_client:search_items:158 - APIリクエスト: ふるさと納税 鶏肉 page=69
2026-05-05 11:33:52.890 | DEBUG    | __main__:fetch_all:103 -   page 69/100: 30 件取得
2026-05-05 11:33:52.890 | INFO     | src.api.rakuten_client:search_items:158 - APIリクエスト: ふるさと納税 鶏肉 page=70
2026-05-05 11:33:53.921 | DEBUG    | __main__:fetch_all:103 -   page 70/100: 30 件取得
2026-05-05 11:33:53.921 | INFO     | src.api.rakuten_client:search_items:158 - APIリクエスト: ふるさと納税 鶏肉 page=71
2026-05-05 11:33:54.841 | DEBUG    | __main__:fetch_all:103 -   page 71/100: 30 件取得
2026-05-05 11:33:54.841 | INFO     | src.api.rakuten_client:search_items:158 - APIリクエスト: ふるさと納税 鶏肉 page=72
2026-05-05 11:33:55.897 | DEBUG    | __main__:fetch_all:103 -   page 72/100: 30 件取得
2026-05-05 11:33:55.898 | INFO     | src.api.rakuten_client:search_items:158 - APIリクエスト: ふるさと納税 鶏肉 page=73
2026-05-05 11:33:56.861 | DEBUG    | __main__:fetch_all:103 -   page 73/100: 30 件取得
2026-05-05 11:33:56.862 | INFO     | src.api.rakuten_client:search_items:158 - APIリクエスト: ふるさと納税 鶏肉 page=74
2026-05-05 11:33:57.849 | DEBUG    | __main__:fetch_all:103 -   page 74/100: 30 件取得
2026-05-05 11:33:57.850 | INFO     | src.api.rakuten_client:search_items:158 - APIリクエスト: ふるさと納税 鶏肉 page=75
2026-05-05 11:33:58.884 | DEBUG    | __main__:fetch_all:103 -   page 75/100: 30 件取得
2026-05-05 11:33:58.884 | INFO     | src.api.rakuten_client:search_items:158 - APIリクエスト: ふるさと納税 鶏肉 page=76
2026-05-05 11:33:59.859 | DEBUG    | __main__:fetch_all:103 -   page 76/100: 30 件取得
2026-05-05 11:33:59.860 | INFO     | src.api.rakuten_client:search_items:158 - APIリクエスト: ふるさと納税 鶏肉 page=77
2026-05-05 11:34:00.869 | DEBUG    | __main__:fetch_all:103 -   page 77/100: 30 件取得
2026-05-05 11:34:00.869 | INFO     | src.api.rakuten_client:search_items:158 - APIリクエスト: ふるさと納税 鶏肉 page=78
2026-05-05 11:34:02.077 | DEBUG    | __main__:fetch_all:103 -   page 78/100: 30 件取得
2026-05-05 11:34:02.077 | INFO     | src.api.rakuten_client:search_items:158 - APIリクエスト: ふるさと納税 鶏肉 page=79
2026-05-05 11:34:02.901 | DEBUG    | __main__:fetch_all:103 -   page 79/100: 30 件取得
2026-05-05 11:34:02.903 | INFO     | src.api.rakuten_client:search_items:158 - APIリクエスト: ふるさと納税 鶏肉 page=80
2026-05-05 11:34:03.888 | DEBUG    | __main__:fetch_all:103 -   page 80/100: 30 件取得
2026-05-05 11:34:03.888 | INFO     | src.api.rakuten_client:search_items:158 - APIリクエスト: ふるさと納税 鶏肉 page=81
2026-05-05 11:34:04.874 | DEBUG    | __main__:fetch_all:103 -   page 81/100: 30 件取得
2026-05-05 11:34:04.875 | INFO     | src.api.rakuten_client:search_items:158 - APIリクエスト: ふるさと納税 鶏肉 page=82
2026-05-05 11:34:05.923 | DEBUG    | __main__:fetch_all:103 -   page 82/100: 30 件取得
2026-05-05 11:34:05.923 | INFO     | src.api.rakuten_client:search_items:158 - APIリクエスト: ふるさと納税 鶏肉 page=83
2026-05-05 11:34:06.887 | DEBUG    | __main__:fetch_all:103 -   page 83/100: 30 件取得
2026-05-05 11:34:06.887 | INFO     | src.api.rakuten_client:search_items:158 - APIリクエスト: ふるさと納税 鶏肉 page=84
2026-05-05 11:34:08.167 | DEBUG    | __main__:fetch_all:103 -   page 84/100: 30 件取得
2026-05-05 11:34:08.167 | INFO     | src.api.rakuten_client:search_items:158 - APIリクエスト: ふるさと納税 鶏肉 page=85
2026-05-05 11:34:08.961 | DEBUG    | __main__:fetch_all:103 -   page 85/100: 30 件取得
2026-05-05 11:34:08.962 | INFO     | src.api.rakuten_client:search_items:158 - APIリクエスト: ふるさと納税 鶏肉 page=86
2026-05-05 11:34:09.959 | DEBUG    | __main__:fetch_all:103 -   page 86/100: 30 件取得
2026-05-05 11:34:09.959 | INFO     | src.api.rakuten_client:search_items:158 - APIリクエスト: ふるさと納税 鶏肉 page=87
2026-05-05 11:34:10.970 | DEBUG    | __main__:fetch_all:103 -   page 87/100: 30 件取得
2026-05-05 11:34:10.970 | INFO     | src.api.rakuten_client:search_items:158 - APIリクエスト: ふるさと納税 鶏肉 page=88
2026-05-05 11:34:11.978 | DEBUG    | __main__:fetch_all:103 -   page 88/100: 30 件取得
2026-05-05 11:34:11.979 | INFO     | src.api.rakuten_client:search_items:158 - APIリクエスト: ふるさと納税 鶏肉 page=89
2026-05-05 11:34:12.922 | DEBUG    | __main__:fetch_all:103 -   page 89/100: 30 件取得
2026-05-05 11:34:12.922 | INFO     | src.api.rakuten_client:search_items:158 - APIリクエスト: ふるさと納税 鶏肉 page=90
2026-05-05 11:34:13.918 | DEBUG    | __main__:fetch_all:103 -   page 90/100: 30 件取得
2026-05-05 11:34:13.918 | INFO     | src.api.rakuten_client:search_items:158 - APIリクエスト: ふるさと納税 鶏肉 page=91
2026-05-05 11:34:14.914 | DEBUG    | __main__:fetch_all:103 -   page 91/100: 30 件取得
2026-05-05 11:34:14.915 | INFO     | src.api.rakuten_client:search_items:158 - APIリクエスト: ふるさと納税 鶏肉 page=92
2026-05-05 11:34:15.951 | DEBUG    | __main__:fetch_all:103 -   page 92/100: 30 件取得
2026-05-05 11:34:15.951 | INFO     | src.api.rakuten_client:search_items:158 - APIリクエスト: ふるさと納税 鶏肉 page=93
2026-05-05 11:34:16.976 | DEBUG    | __main__:fetch_all:103 -   page 93/100: 30 件取得
2026-05-05 11:34:16.976 | INFO     | src.api.rakuten_client:search_items:158 - APIリクエスト: ふるさと納税 鶏肉 page=94
2026-05-05 11:34:17.975 | DEBUG    | __main__:fetch_all:103 -   page 94/100: 30 件取得
2026-05-05 11:34:17.976 | INFO     | src.api.rakuten_client:search_items:158 - APIリクエスト: ふるさと納税 鶏肉 page=95
2026-05-05 11:34:18.923 | DEBUG    | __main__:fetch_all:103 -   page 95/100: 30 件取得
2026-05-05 11:34:18.923 | INFO     | src.api.rakuten_client:search_items:158 - APIリクエスト: ふるさと納税 鶏肉 page=96
2026-05-05 11:34:19.851 | ERROR    | src.api.rakuten_client:_fetch:113 - APIエラー 429: { "statusCode": 429, "message": "Rate limit is exceeded. Try again in 1 seconds." }
2026-05-05 11:34:21.951 | DEBUG    | __main__:fetch_all:103 -   page 96/100: 30 件取得
2026-05-05 11:34:21.952 | INFO     | src.api.rakuten_client:search_items:158 - APIリクエスト: ふるさと納税 鶏肉 page=97
2026-05-05 11:34:23.210 | DEBUG    | __main__:fetch_all:103 -   page 97/100: 30 件取得
2026-05-05 11:34:23.210 | INFO     | src.api.rakuten_client:search_items:158 - APIリクエスト: ふるさと納税 鶏肉 page=98
2026-05-05 11:34:24.033 | DEBUG    | __main__:fetch_all:103 -   page 98/100: 30 件取得
2026-05-05 11:34:24.033 | INFO     | src.api.rakuten_client:search_items:158 - APIリクエスト: ふるさと納税 鶏肉 page=99
2026-05-05 11:34:25.037 | DEBUG    | __main__:fetch_all:103 -   page 99/100: 30 件取得
2026-05-05 11:34:25.037 | INFO     | src.api.rakuten_client:search_items:158 - APIリクエスト: ふるさと納税 鶏肉 page=100
2026-05-05 11:34:25.898 | ERROR    | src.api.rakuten_client:_fetch:113 - APIエラー 429: { "statusCode": 429, "message": "Rate limit is exceeded. Try again in 1 seconds." }
2026-05-05 11:34:28.244 | DEBUG    | __main__:fetch_all:103 -   page 100/100: 30 件取得
2026-05-05 11:34:28.269 | DEBUG    | src.api.rakuten_client:search_items:155 - キャッシュヒット: ふるさと納税 魚 page=1
2026-05-05 11:34:28.284 | INFO     | __main__:fetch_all:87 - 取得開始: 'ふるさと納税 魚' (100 ページ)
2026-05-05 11:34:28.285 | INFO     | src.api.rakuten_client:search_items:158 - APIリクエスト: ふるさと納税 魚 page=1
2026-05-05 11:34:28.924 | ERROR    | src.api.rakuten_client:_fetch:113 - APIエラー 429: { "statusCode": 429, "message": "Rate limit is exceeded. Try again in 1 seconds." }
2026-05-05 11:34:31.190 | DEBUG    | __main__:fetch_all:103 -   page 1/100: 30 件取得
2026-05-05 11:34:31.210 | INFO     | src.api.rakuten_client:search_items:158 - APIリクエスト: ふるさと納税 魚 page=2
2026-05-05 11:34:32.055 | DEBUG    | __main__:fetch_all:103 -   page 2/100: 30 件取得
2026-05-05 11:34:32.055 | INFO     | src.api.rakuten_client:search_items:158 - APIリクエスト: ふるさと納税 魚 page=3
2026-05-05 11:34:33.056 | DEBUG    | __main__:fetch_all:103 -   page 3/100: 30 件取得
2026-05-05 11:34:33.056 | INFO     | src.api.rakuten_client:search_items:158 - APIリクエスト: ふるさと納税 魚 page=4
2026-05-05 11:34:34.124 | DEBUG    | __main__:fetch_all:103 -   page 4/100: 30 件取得
2026-05-05 11:34:34.124 | INFO     | src.api.rakuten_client:search_items:158 - APIリクエスト: ふるさと納税 魚 page=5
2026-05-05 11:34:35.150 | DEBUG    | __main__:fetch_all:103 -   page 5/100: 30 件取得
2026-05-05 11:34:35.168 | INFO     | src.api.rakuten_client:search_items:158 - APIリクエスト: ふるさと納税 魚 page=6
2026-05-05 11:34:36.154 | DEBUG    | __main__:fetch_all:103 -   page 6/100: 30 件取得
2026-05-05 11:34:36.154 | INFO     | src.api.rakuten_client:search_items:158 - APIリクエスト: ふるさと納税 魚 page=7
2026-05-05 11:34:37.096 | DEBUG    | __main__:fetch_all:103 -   page 7/100: 30 件取得
2026-05-05 11:34:37.096 | INFO     | src.api.rakuten_client:search_items:158 - APIリクエスト: ふるさと納税 魚 page=8
2026-05-05 11:34:37.982 | ERROR    | src.api.rakuten_client:_fetch:113 - APIエラー 429: { "statusCode": 429, "message": "Rate limit is exceeded. Try again in 1 seconds." }
2026-05-05 11:34:40.171 | DEBUG    | __main__:fetch_all:103 -   page 8/100: 30 件取得
2026-05-05 11:34:40.173 | INFO     | src.api.rakuten_client:search_items:158 - APIリクエスト: ふるさと納税 魚 page=9
2026-05-05 11:34:41.177 | DEBUG    | __main__:fetch_all:103 -   page 9/100: 30 件取得
2026-05-05 11:34:41.177 | INFO     | src.api.rakuten_client:search_items:158 - APIリクエスト: ふるさと納税 魚 page=10
2026-05-05 11:34:42.172 | DEBUG    | __main__:fetch_all:103 -   page 10/100: 30 件取得
2026-05-05 11:34:42.172 | INFO     | src.api.rakuten_client:search_items:158 - APIリクエスト: ふるさと納税 魚 page=11
2026-05-05 11:34:43.144 | DEBUG    | __main__:fetch_all:103 -   page 11/100: 30 件取得
2026-05-05 11:34:43.144 | INFO     | src.api.rakuten_client:search_items:158 - APIリクエスト: ふるさと納税 魚 page=12
2026-05-05 11:34:44.198 | DEBUG    | __main__:fetch_all:103 -   page 12/100: 30 件取得
2026-05-05 11:34:44.199 | INFO     | src.api.rakuten_client:search_items:158 - APIリクエスト: ふるさと納税 魚 page=13
2026-05-05 11:34:45.598 | DEBUG    | __main__:fetch_all:103 -   page 13/100: 30 件取得
2026-05-05 11:34:45.598 | INFO     | src.api.rakuten_client:search_items:158 - APIリクエスト: ふるさと納税 魚 page=14
2026-05-05 11:34:46.091 | DEBUG    | __main__:fetch_all:103 -   page 14/100: 30 件取得
2026-05-05 11:34:46.091 | INFO     | src.api.rakuten_client:search_items:158 - APIリクエスト: ふるさと納税 魚 page=15
2026-05-05 11:34:47.113 | DEBUG    | __main__:fetch_all:103 -   page 15/100: 30 件取得
2026-05-05 11:34:47.132 | INFO     | src.api.rakuten_client:search_items:158 - APIリクエスト: ふるさと納税 魚 page=16
2026-05-05 11:34:48.104 | DEBUG    | __main__:fetch_all:103 -   page 16/100: 30 件取得
2026-05-05 11:34:48.104 | INFO     | src.api.rakuten_client:search_items:158 - APIリクエスト: ふるさと納税 魚 page=17
2026-05-05 11:34:49.110 | DEBUG    | __main__:fetch_all:103 -   page 17/100: 30 件取得
2026-05-05 11:34:49.110 | INFO     | src.api.rakuten_client:search_items:158 - APIリクエスト: ふるさと納税 魚 page=18
2026-05-05 11:34:50.124 | DEBUG    | __main__:fetch_all:103 -   page 18/100: 30 件取得
2026-05-05 11:34:50.124 | INFO     | src.api.rakuten_client:search_items:158 - APIリクエスト: ふるさと納税 魚 page=19
2026-05-05 11:34:51.108 | DEBUG    | __main__:fetch_all:103 -   page 19/100: 30 件取得
2026-05-05 11:34:51.109 | INFO     | src.api.rakuten_client:search_items:158 - APIリクエスト: ふるさと納税 魚 page=20
2026-05-05 11:34:52.181 | DEBUG    | __main__:fetch_all:103 -   page 20/100: 30 件取得
2026-05-05 11:34:52.182 | INFO     | src.api.rakuten_client:search_items:158 - APIリクエスト: ふるさと納税 魚 page=21
2026-05-05 11:34:53.201 | DEBUG    | __main__:fetch_all:103 -   page 21/100: 30 件取得
2026-05-05 11:34:53.202 | INFO     | src.api.rakuten_client:search_items:158 - APIリクエスト: ふるさと納税 魚 page=22
2026-05-05 11:34:54.196 | DEBUG    | __main__:fetch_all:103 -   page 22/100: 30 件取得
2026-05-05 11:34:54.197 | INFO     | src.api.rakuten_client:search_items:158 - APIリクエスト: ふるさと納税 魚 page=23
2026-05-05 11:34:55.185 | DEBUG    | __main__:fetch_all:103 -   page 23/100: 30 件取得
2026-05-05 11:34:55.185 | INFO     | src.api.rakuten_client:search_items:158 - APIリクエスト: ふるさと納税 魚 page=24
2026-05-05 11:34:56.165 | DEBUG    | __main__:fetch_all:103 -   page 24/100: 30 件取得
2026-05-05 11:34:56.165 | INFO     | src.api.rakuten_client:search_items:158 - APIリクエスト: ふるさと納税 魚 page=25
2026-05-05 11:34:57.132 | DEBUG    | __main__:fetch_all:103 -   page 25/100: 30 件取得
2026-05-05 11:34:57.134 | INFO     | src.api.rakuten_client:search_items:158 - APIリクエスト: ふるさと納税 魚 page=26
2026-05-05 11:34:58.126 | DEBUG    | __main__:fetch_all:103 -   page 26/100: 30 件取得
2026-05-05 11:34:58.126 | INFO     | src.api.rakuten_client:search_items:158 - APIリクエスト: ふるさと納税 魚 page=27
2026-05-05 11:34:59.172 | DEBUG    | __main__:fetch_all:103 -   page 27/100: 30 件取得
2026-05-05 11:34:59.176 | INFO     | src.api.rakuten_client:search_items:158 - APIリクエスト: ふるさと納税 魚 page=28
2026-05-05 11:35:00.190 | DEBUG    | __main__:fetch_all:103 -   page 28/100: 30 件取得
2026-05-05 11:35:00.192 | INFO     | src.api.rakuten_client:search_items:158 - APIリクエスト: ふるさと納税 魚 page=29
2026-05-05 11:35:01.145 | DEBUG    | __main__:fetch_all:103 -   page 29/100: 30 件取得
2026-05-05 11:35:01.146 | INFO     | src.api.rakuten_client:search_items:158 - APIリクエスト: ふるさと納税 魚 page=30
2026-05-05 11:35:02.242 | DEBUG    | __main__:fetch_all:103 -   page 30/100: 30 件取得
2026-05-05 11:35:02.242 | INFO     | src.api.rakuten_client:search_items:158 - APIリクエスト: ふるさと納税 魚 page=31
2026-05-05 11:35:03.250 | DEBUG    | __main__:fetch_all:103 -   page 31/100: 30 件取得
2026-05-05 11:35:03.251 | INFO     | src.api.rakuten_client:search_items:158 - APIリクエスト: ふるさと納税 魚 page=32
2026-05-05 11:35:04.184 | DEBUG    | __main__:fetch_all:103 -   page 32/100: 30 件取得
2026-05-05 11:35:04.206 | INFO     | src.api.rakuten_client:search_items:158 - APIリクエスト: ふるさと納税 魚 page=33
2026-05-05 11:35:05.216 | DEBUG    | __main__:fetch_all:103 -   page 33/100: 30 件取得
2026-05-05 11:35:05.216 | INFO     | src.api.rakuten_client:search_items:158 - APIリクエスト: ふるさと納税 魚 page=34
2026-05-05 11:35:06.200 | DEBUG    | __main__:fetch_all:103 -   page 34/100: 30 件取得
2026-05-05 11:35:06.200 | INFO     | src.api.rakuten_client:search_items:158 - APIリクエスト: ふるさと納税 魚 page=35
2026-05-05 11:35:08.193 | DEBUG    | __main__:fetch_all:103 -   page 35/100: 30 件取得
2026-05-05 11:35:08.194 | INFO     | src.api.rakuten_client:search_items:158 - APIリクエスト: ふるさと納税 魚 page=36
2026-05-05 11:35:08.218 | ERROR    | src.api.rakuten_client:_fetch:113 - APIエラー 429: { "statusCode": 429, "message": "Rate limit is exceeded. Try again in 1 seconds." }
2026-05-05 11:35:10.392 | DEBUG    | __main__:fetch_all:103 -   page 36/100: 30 件取得
2026-05-05 11:35:10.392 | INFO     | src.api.rakuten_client:search_items:158 - APIリクエスト: ふるさと納税 魚 page=37
2026-05-05 11:35:11.371 | DEBUG    | __main__:fetch_all:103 -   page 37/100: 30 件取得
2026-05-05 11:35:11.371 | INFO     | src.api.rakuten_client:search_items:158 - APIリクエスト: ふるさと納税 魚 page=38
2026-05-05 11:35:12.348 | DEBUG    | __main__:fetch_all:103 -   page 38/100: 30 件取得
2026-05-05 11:35:12.348 | INFO     | src.api.rakuten_client:search_items:158 - APIリクエスト: ふるさと納税 魚 page=39
2026-05-05 11:35:13.335 | DEBUG    | __main__:fetch_all:103 -   page 39/100: 30 件取得
2026-05-05 11:35:13.335 | INFO     | src.api.rakuten_client:search_items:158 - APIリクエスト: ふるさと納税 魚 page=40
2026-05-05 11:35:14.397 | DEBUG    | __main__:fetch_all:103 -   page 40/100: 30 件取得
2026-05-05 11:35:14.398 | INFO     | src.api.rakuten_client:search_items:158 - APIリクエスト: ふるさと納税 魚 page=41
2026-05-05 11:35:15.784 | DEBUG    | __main__:fetch_all:103 -   page 41/100: 30 件取得
2026-05-05 11:35:15.785 | INFO     | src.api.rakuten_client:search_items:158 - APIリクエスト: ふるさと納税 魚 page=42
2026-05-05 11:35:16.391 | DEBUG    | __main__:fetch_all:103 -   page 42/100: 30 件取得
2026-05-05 11:35:16.392 | INFO     | src.api.rakuten_client:search_items:158 - APIリクエスト: ふるさと納税 魚 page=43
2026-05-05 11:35:17.341 | DEBUG    | __main__:fetch_all:103 -   page 43/100: 30 件取得
2026-05-05 11:35:17.341 | INFO     | src.api.rakuten_client:search_items:158 - APIリクエスト: ふるさと納税 魚 page=44
2026-05-05 11:35:18.341 | DEBUG    | __main__:fetch_all:103 -   page 44/100: 30 件取得
2026-05-05 11:35:18.341 | INFO     | src.api.rakuten_client:search_items:158 - APIリクエスト: ふるさと納税 魚 page=45
2026-05-05 11:35:19.348 | DEBUG    | __main__:fetch_all:103 -   page 45/100: 30 件取得
2026-05-05 11:35:19.349 | INFO     | src.api.rakuten_client:search_items:158 - APIリクエスト: ふるさと納税 魚 page=46
2026-05-05 11:35:20.422 | DEBUG    | __main__:fetch_all:103 -   page 46/100: 30 件取得
2026-05-05 11:35:20.423 | INFO     | src.api.rakuten_client:search_items:158 - APIリクエスト: ふるさと納税 魚 page=47
2026-05-05 11:35:21.356 | DEBUG    | __main__:fetch_all:103 -   page 47/100: 30 件取得
2026-05-05 11:35:21.356 | INFO     | src.api.rakuten_client:search_items:158 - APIリクエスト: ふるさと納税 魚 page=48
2026-05-05 11:35:22.369 | DEBUG    | __main__:fetch_all:103 -   page 48/100: 30 件取得
2026-05-05 11:35:22.370 | INFO     | src.api.rakuten_client:search_items:158 - APIリクエスト: ふるさと納税 魚 page=49
2026-05-05 11:35:23.362 | DEBUG    | __main__:fetch_all:103 -   page 49/100: 30 件取得
2026-05-05 11:35:23.362 | INFO     | src.api.rakuten_client:search_items:158 - APIリクエスト: ふるさと納税 魚 page=50
2026-05-05 11:35:24.365 | DEBUG    | __main__:fetch_all:103 -   page 50/100: 30 件取得
2026-05-05 11:35:24.366 | INFO     | src.api.rakuten_client:search_items:158 - APIリクエスト: ふるさと納税 魚 page=51
2026-05-05 11:35:25.384 | DEBUG    | __main__:fetch_all:103 -   page 51/100: 30 件取得
2026-05-05 11:35:25.384 | INFO     | src.api.rakuten_client:search_items:158 - APIリクエスト: ふるさと納税 魚 page=52
2026-05-05 11:35:26.386 | DEBUG    | __main__:fetch_all:103 -   page 52/100: 30 件取得
2026-05-05 11:35:26.386 | INFO     | src.api.rakuten_client:search_items:158 - APIリクエスト: ふるさと納税 魚 page=53
2026-05-05 11:35:27.374 | DEBUG    | __main__:fetch_all:103 -   page 53/100: 30 件取得
2026-05-05 11:35:27.375 | INFO     | src.api.rakuten_client:search_items:158 - APIリクエスト: ふるさと納税 魚 page=54
2026-05-05 11:35:28.376 | DEBUG    | __main__:fetch_all:103 -   page 54/100: 30 件取得
2026-05-05 11:35:28.377 | INFO     | src.api.rakuten_client:search_items:158 - APIリクエスト: ふるさと納税 魚 page=55
2026-05-05 11:35:29.385 | DEBUG    | __main__:fetch_all:103 -   page 55/100: 30 件取得
2026-05-05 11:35:29.386 | INFO     | src.api.rakuten_client:search_items:158 - APIリクエスト: ふるさと納税 魚 page=56
2026-05-05 11:35:30.379 | DEBUG    | __main__:fetch_all:103 -   page 56/100: 30 件取得
2026-05-05 11:35:30.380 | INFO     | src.api.rakuten_client:search_items:158 - APIリクエスト: ふるさと納税 魚 page=57
2026-05-05 11:35:31.454 | DEBUG    | __main__:fetch_all:103 -   page 57/100: 30 件取得
2026-05-05 11:35:31.455 | INFO     | src.api.rakuten_client:search_items:158 - APIリクエスト: ふるさと納税 魚 page=58
2026-05-05 11:35:32.487 | DEBUG    | __main__:fetch_all:103 -   page 58/100: 30 件取得
2026-05-05 11:35:32.487 | INFO     | src.api.rakuten_client:search_items:158 - APIリクエスト: ふるさと納税 魚 page=59
2026-05-05 11:35:33.449 | DEBUG    | __main__:fetch_all:103 -   page 59/100: 30 件取得
2026-05-05 11:35:33.449 | INFO     | src.api.rakuten_client:search_items:158 - APIリクエスト: ふるさと納税 魚 page=60
2026-05-05 11:35:34.440 | DEBUG    | __main__:fetch_all:103 -   page 60/100: 30 件取得
2026-05-05 11:35:34.440 | INFO     | src.api.rakuten_client:search_items:158 - APIリクエスト: ふるさと納税 魚 page=61
2026-05-05 11:35:35.412 | DEBUG    | __main__:fetch_all:103 -   page 61/100: 30 件取得
2026-05-05 11:35:35.413 | INFO     | src.api.rakuten_client:search_items:158 - APIリクエスト: ふるさと納税 魚 page=62
2026-05-05 11:35:36.476 | DEBUG    | __main__:fetch_all:103 -   page 62/100: 30 件取得
2026-05-05 11:35:36.476 | INFO     | src.api.rakuten_client:search_items:158 - APIリクエスト: ふるさと納税 魚 page=63
2026-05-05 11:35:37.462 | DEBUG    | __main__:fetch_all:103 -   page 63/100: 30 件取得
2026-05-05 11:35:37.463 | INFO     | src.api.rakuten_client:search_items:158 - APIリクエスト: ふるさと納税 魚 page=64
2026-05-05 11:35:38.486 | DEBUG    | __main__:fetch_all:103 -   page 64/100: 30 件取得
2026-05-05 11:35:38.486 | INFO     | src.api.rakuten_client:search_items:158 - APIリクエスト: ふるさと納税 魚 page=65
2026-05-05 11:35:39.467 | DEBUG    | __main__:fetch_all:103 -   page 65/100: 30 件取得
2026-05-05 11:35:39.467 | INFO     | src.api.rakuten_client:search_items:158 - APIリクエスト: ふるさと納税 魚 page=66
2026-05-05 11:35:40.470 | DEBUG    | __main__:fetch_all:103 -   page 66/100: 30 件取得
2026-05-05 11:35:40.471 | INFO     | src.api.rakuten_client:search_items:158 - APIリクエスト: ふるさと納税 魚 page=67
2026-05-05 11:35:41.421 | DEBUG    | __main__:fetch_all:103 -   page 67/100: 30 件取得
2026-05-05 11:35:41.421 | INFO     | src.api.rakuten_client:search_items:158 - APIリクエスト: ふるさと納税 魚 page=68
2026-05-05 11:35:42.439 | DEBUG    | __main__:fetch_all:103 -   page 68/100: 30 件取得
2026-05-05 11:35:42.474 | INFO     | src.api.rakuten_client:search_items:158 - APIリクエスト: ふるさと納税 魚 page=69
2026-05-05 11:35:43.448 | DEBUG    | __main__:fetch_all:103 -   page 69/100: 30 件取得
2026-05-05 11:35:43.449 | INFO     | src.api.rakuten_client:search_items:158 - APIリクエスト: ふるさと納税 魚 page=70
2026-05-05 11:35:44.467 | DEBUG    | __main__:fetch_all:103 -   page 70/100: 30 件取得
2026-05-05 11:35:44.467 | INFO     | src.api.rakuten_client:search_items:158 - APIリクエスト: ふるさと納税 魚 page=71
2026-05-05 11:35:45.442 | DEBUG    | __main__:fetch_all:103 -   page 71/100: 30 件取得
2026-05-05 11:35:45.442 | INFO     | src.api.rakuten_client:search_items:158 - APIリクエスト: ふるさと納税 魚 page=72
2026-05-05 11:35:46.363 | ERROR    | src.api.rakuten_client:_fetch:113 - APIエラー 429: { "statusCode": 429, "message": "Rate limit is exceeded. Try again in 1 seconds." }
2026-05-05 11:35:48.458 | DEBUG    | __main__:fetch_all:103 -   page 72/100: 30 件取得
2026-05-05 11:35:48.459 | INFO     | src.api.rakuten_client:search_items:158 - APIリクエスト: ふるさと納税 魚 page=73
2026-05-05 11:35:49.475 | DEBUG    | __main__:fetch_all:103 -   page 73/100: 30 件取得
2026-05-05 11:35:49.475 | INFO     | src.api.rakuten_client:search_items:158 - APIリクエスト: ふるさと納税 魚 page=74
2026-05-05 11:35:50.488 | DEBUG    | __main__:fetch_all:103 -   page 74/100: 30 件取得
2026-05-05 11:35:50.488 | INFO     | src.api.rakuten_client:search_items:158 - APIリクエスト: ふるさと納税 魚 page=75
2026-05-05 11:35:51.474 | DEBUG    | __main__:fetch_all:103 -   page 75/100: 30 件取得
2026-05-05 11:35:51.475 | INFO     | src.api.rakuten_client:search_items:158 - APIリクエスト: ふるさと納税 魚 page=76
2026-05-05 11:35:52.548 | DEBUG    | __main__:fetch_all:103 -   page 76/100: 30 件取得
2026-05-05 11:35:52.548 | INFO     | src.api.rakuten_client:search_items:158 - APIリクエスト: ふるさと納税 魚 page=77
2026-05-05 11:35:53.477 | DEBUG    | __main__:fetch_all:103 -   page 77/100: 30 件取得
2026-05-05 11:35:53.477 | INFO     | src.api.rakuten_client:search_items:158 - APIリクエスト: ふるさと納税 魚 page=78
2026-05-05 11:35:54.553 | DEBUG    | __main__:fetch_all:103 -   page 78/100: 30 件取得
2026-05-05 11:35:54.573 | INFO     | src.api.rakuten_client:search_items:158 - APIリクエスト: ふるさと納税 魚 page=79
2026-05-05 11:35:55.881 | DEBUG    | __main__:fetch_all:103 -   page 79/100: 30 件取得
2026-05-05 11:35:55.882 | INFO     | src.api.rakuten_client:search_items:158 - APIリクエスト: ふるさと納税 魚 page=80
2026-05-05 11:35:56.547 | DEBUG    | __main__:fetch_all:103 -   page 80/100: 30 件取得
2026-05-05 11:35:56.547 | INFO     | src.api.rakuten_client:search_items:158 - APIリクエスト: ふるさと納税 魚 page=81
2026-05-05 11:35:57.575 | DEBUG    | __main__:fetch_all:103 -   page 81/100: 30 件取得
2026-05-05 11:35:57.575 | INFO     | src.api.rakuten_client:search_items:158 - APIリクエスト: ふるさと納税 魚 page=82
2026-05-05 11:35:58.504 | DEBUG    | __main__:fetch_all:103 -   page 82/100: 30 件取得
2026-05-05 11:35:58.505 | INFO     | src.api.rakuten_client:search_items:158 - APIリクエスト: ふるさと納税 魚 page=83
2026-05-05 11:35:59.509 | DEBUG    | __main__:fetch_all:103 -   page 83/100: 30 件取得
2026-05-05 11:35:59.509 | INFO     | src.api.rakuten_client:search_items:158 - APIリクエスト: ふるさと納税 魚 page=84
2026-05-05 11:36:00.515 | DEBUG    | __main__:fetch_all:103 -   page 84/100: 30 件取得
2026-05-05 11:36:00.515 | INFO     | src.api.rakuten_client:search_items:158 - APIリクエスト: ふるさと納税 魚 page=85
2026-05-05 11:36:01.516 | DEBUG    | __main__:fetch_all:103 -   page 85/100: 30 件取得
2026-05-05 11:36:01.517 | INFO     | src.api.rakuten_client:search_items:158 - APIリクエスト: ふるさと納税 魚 page=86
2026-05-05 11:36:02.519 | DEBUG    | __main__:fetch_all:103 -   page 86/100: 30 件取得
2026-05-05 11:36:02.520 | INFO     | src.api.rakuten_client:search_items:158 - APIリクエスト: ふるさと納税 魚 page=87
2026-05-05 11:36:04.486 | DEBUG    | __main__:fetch_all:103 -   page 87/100: 30 件取得
2026-05-05 11:36:04.487 | INFO     | src.api.rakuten_client:search_items:158 - APIリクエスト: ふるさと納税 魚 page=88
2026-05-05 11:36:04.603 | DEBUG    | __main__:fetch_all:103 -   page 88/100: 30 件取得
2026-05-05 11:36:04.603 | INFO     | src.api.rakuten_client:search_items:158 - APIリクエスト: ふるさと納税 魚 page=89
2026-05-05 11:36:05.592 | DEBUG    | __main__:fetch_all:103 -   page 89/100: 30 件取得
2026-05-05 11:36:05.592 | INFO     | src.api.rakuten_client:search_items:158 - APIリクエスト: ふるさと納税 魚 page=90
2026-05-05 11:36:06.646 | DEBUG    | __main__:fetch_all:103 -   page 90/100: 30 件取得
2026-05-05 11:36:06.646 | INFO     | src.api.rakuten_client:search_items:158 - APIリクエスト: ふるさと納税 魚 page=91
2026-05-05 11:36:07.628 | DEBUG    | __main__:fetch_all:103 -   page 91/100: 30 件取得
2026-05-05 11:36:07.628 | INFO     | src.api.rakuten_client:search_items:158 - APIリクエスト: ふるさと納税 魚 page=92
2026-05-05 11:36:08.607 | DEBUG    | __main__:fetch_all:103 -   page 92/100: 30 件取得
2026-05-05 11:36:08.608 | INFO     | src.api.rakuten_client:search_items:158 - APIリクエスト: ふるさと納税 魚 page=93
2026-05-05 11:36:09.707 | DEBUG    | __main__:fetch_all:103 -   page 93/100: 30 件取得
2026-05-05 11:36:09.708 | INFO     | src.api.rakuten_client:search_items:158 - APIリクエスト: ふるさと納税 魚 page=94
2026-05-05 11:36:10.723 | DEBUG    | __main__:fetch_all:103 -   page 94/100: 30 件取得
2026-05-05 11:36:10.723 | INFO     | src.api.rakuten_client:search_items:158 - APIリクエスト: ふるさと納税 魚 page=95
2026-05-05 11:36:11.850 | DEBUG    | __main__:fetch_all:103 -   page 95/100: 30 件取得
2026-05-05 11:36:11.851 | INFO     | src.api.rakuten_client:search_items:158 - APIリクエスト: ふるさと納税 魚 page=96
2026-05-05 11:36:12.592 | ERROR    | src.api.rakuten_client:_fetch:113 - APIエラー 429: { "statusCode": 429, "message": "Rate limit is exceeded. Try again in 1 seconds." }
2026-05-05 11:36:14.693 | DEBUG    | __main__:fetch_all:103 -   page 96/100: 30 件取得
2026-05-05 11:36:14.693 | INFO     | src.api.rakuten_client:search_items:158 - APIリクエスト: ふるさと納税 魚 page=97
2026-05-05 11:36:15.738 | DEBUG    | __main__:fetch_all:103 -   page 97/100: 30 件取得
2026-05-05 11:36:15.738 | INFO     | src.api.rakuten_client:search_items:158 - APIリクエスト: ふるさと納税 魚 page=98
2026-05-05 11:36:16.698 | DEBUG    | __main__:fetch_all:103 -   page 98/100: 30 件取得
2026-05-05 11:36:16.699 | INFO     | src.api.rakuten_client:search_items:158 - APIリクエスト: ふるさと納税 魚 page=99
2026-05-05 11:36:17.711 | DEBUG    | __main__:fetch_all:103 -   page 99/100: 30 件取得
2026-05-05 11:36:17.712 | INFO     | src.api.rakuten_client:search_items:158 - APIリクエスト: ふるさと納税 魚 page=100
2026-05-05 11:36:18.723 | DEBUG    | __main__:fetch_all:103 -   page 100/100: 30 件取得
2026-05-05 11:36:18.737 | DEBUG    | src.api.rakuten_client:search_items:155 - キャッシュヒット: ふるさと納税 カニ page=1
2026-05-05 11:36:18.749 | INFO     | __main__:fetch_all:87 - 取得開始: 'ふるさと納税 カニ' (100 ページ)
2026-05-05 11:36:18.750 | INFO     | src.api.rakuten_client:search_items:158 - APIリクエスト: ふるさと納税 カニ page=1
2026-05-05 11:36:19.757 | DEBUG    | __main__:fetch_all:103 -   page 1/100: 30 件取得
2026-05-05 11:36:19.757 | INFO     | src.api.rakuten_client:search_items:158 - APIリクエスト: ふるさと納税 カニ page=2
2026-05-05 11:36:20.722 | DEBUG    | __main__:fetch_all:103 -   page 2/100: 30 件取得
2026-05-05 11:36:20.723 | INFO     | src.api.rakuten_client:search_items:158 - APIリクエスト: ふるさと納税 カニ page=3
2026-05-05 11:36:21.720 | DEBUG    | __main__:fetch_all:103 -   page 3/100: 30 件取得
2026-05-05 11:36:21.720 | INFO     | src.api.rakuten_client:search_items:158 - APIリクエスト: ふるさと納税 カニ page=4
2026-05-05 11:36:23.258 | DEBUG    | __main__:fetch_all:103 -   page 4/100: 30 件取得
2026-05-05 11:36:23.259 | INFO     | src.api.rakuten_client:search_items:158 - APIリクエスト: ふるさと納税 カニ page=5
2026-05-05 11:36:23.726 | DEBUG    | __main__:fetch_all:103 -   page 5/100: 30 件取得
2026-05-05 11:36:23.727 | INFO     | src.api.rakuten_client:search_items:158 - APIリクエスト: ふるさと納税 カニ page=6
2026-05-05 11:36:24.743 | DEBUG    | __main__:fetch_all:103 -   page 6/100: 30 件取得
2026-05-05 11:36:24.744 | INFO     | src.api.rakuten_client:search_items:158 - APIリクエスト: ふるさと納税 カニ page=7
2026-05-05 11:36:25.723 | DEBUG    | __main__:fetch_all:103 -   page 7/100: 30 件取得
2026-05-05 11:36:25.723 | INFO     | src.api.rakuten_client:search_items:158 - APIリクエスト: ふるさと納税 カニ page=8
2026-05-05 11:36:26.767 | DEBUG    | __main__:fetch_all:103 -   page 8/100: 30 件取得
2026-05-05 11:36:26.767 | INFO     | src.api.rakuten_client:search_items:158 - APIリクエスト: ふるさと納税 カニ page=9
2026-05-05 11:36:27.756 | DEBUG    | __main__:fetch_all:103 -   page 9/100: 30 件取得
2026-05-05 11:36:27.757 | INFO     | src.api.rakuten_client:search_items:158 - APIリクエスト: ふるさと納税 カニ page=10
2026-05-05 11:36:28.840 | DEBUG    | __main__:fetch_all:103 -   page 10/100: 30 件取得
2026-05-05 11:36:28.841 | INFO     | src.api.rakuten_client:search_items:158 - APIリクエスト: ふるさと納税 カニ page=11
2026-05-05 11:36:30.128 | DEBUG    | __main__:fetch_all:103 -   page 11/100: 30 件取得
2026-05-05 11:36:30.128 | INFO     | src.api.rakuten_client:search_items:158 - APIリクエスト: ふるさと納税 カニ page=12
2026-05-05 11:36:30.819 | DEBUG    | __main__:fetch_all:103 -   page 12/100: 30 件取得
2026-05-05 11:36:30.819 | INFO     | src.api.rakuten_client:search_items:158 - APIリクエスト: ふるさと納税 カニ page=13
2026-05-05 11:36:32.167 | DEBUG    | __main__:fetch_all:103 -   page 13/100: 30 件取得
2026-05-05 11:36:32.167 | INFO     | src.api.rakuten_client:search_items:158 - APIリクエスト: ふるさと納税 カニ page=14
2026-05-05 11:36:32.811 | DEBUG    | __main__:fetch_all:103 -   page 14/100: 30 件取得
2026-05-05 11:36:32.811 | INFO     | src.api.rakuten_client:search_items:158 - APIリクエスト: ふるさと納税 カニ page=15
2026-05-05 11:36:33.810 | DEBUG    | __main__:fetch_all:103 -   page 15/100: 30 件取得
2026-05-05 11:36:33.810 | INFO     | src.api.rakuten_client:search_items:158 - APIリクエスト: ふるさと納税 カニ page=16
2026-05-05 11:36:34.795 | DEBUG    | __main__:fetch_all:103 -   page 16/100: 30 件取得
2026-05-05 11:36:34.796 | INFO     | src.api.rakuten_client:search_items:158 - APIリクエスト: ふるさと納税 カニ page=17
2026-05-05 11:36:35.753 | DEBUG    | __main__:fetch_all:103 -   page 17/100: 30 件取得
2026-05-05 11:36:35.753 | INFO     | src.api.rakuten_client:search_items:158 - APIリクエスト: ふるさと納税 カニ page=18
2026-05-05 11:36:36.830 | DEBUG    | __main__:fetch_all:103 -   page 18/100: 30 件取得
2026-05-05 11:36:36.830 | INFO     | src.api.rakuten_client:search_items:158 - APIリクエスト: ふるさと納税 カニ page=19
2026-05-05 11:36:37.818 | DEBUG    | __main__:fetch_all:103 -   page 19/100: 30 件取得
2026-05-05 11:36:37.818 | INFO     | src.api.rakuten_client:search_items:158 - APIリクエスト: ふるさと納税 カニ page=20
2026-05-05 11:36:38.774 | DEBUG    | __main__:fetch_all:103 -   page 20/100: 30 件取得
2026-05-05 11:36:38.774 | INFO     | src.api.rakuten_client:search_items:158 - APIリクエスト: ふるさと納税 カニ page=21
2026-05-05 11:36:39.894 | DEBUG    | __main__:fetch_all:103 -   page 21/100: 30 件取得
2026-05-05 11:36:39.894 | INFO     | src.api.rakuten_client:search_items:158 - APIリクエスト: ふるさと納税 カニ page=22
2026-05-05 11:36:40.774 | DEBUG    | __main__:fetch_all:103 -   page 22/100: 30 件取得
2026-05-05 11:36:40.774 | INFO     | src.api.rakuten_client:search_items:158 - APIリクエスト: ふるさと納税 カニ page=23
2026-05-05 11:36:41.847 | DEBUG    | __main__:fetch_all:103 -   page 23/100: 30 件取得
2026-05-05 11:36:41.847 | INFO     | src.api.rakuten_client:search_items:158 - APIリクエスト: ふるさと納税 カニ page=24
2026-05-05 11:36:42.849 | DEBUG    | __main__:fetch_all:103 -   page 24/100: 30 件取得
2026-05-05 11:36:42.849 | INFO     | src.api.rakuten_client:search_items:158 - APIリクエスト: ふるさと納税 カニ page=25
2026-05-05 11:36:43.842 | DEBUG    | __main__:fetch_all:103 -   page 25/100: 30 件取得
2026-05-05 11:36:43.842 | INFO     | src.api.rakuten_client:search_items:158 - APIリクエスト: ふるさと納税 カニ page=26
2026-05-05 11:36:44.864 | DEBUG    | __main__:fetch_all:103 -   page 26/100: 30 件取得
2026-05-05 11:36:44.864 | INFO     | src.api.rakuten_client:search_items:158 - APIリクエスト: ふるさと納税 カニ page=27
2026-05-05 11:36:45.836 | DEBUG    | __main__:fetch_all:103 -   page 27/100: 30 件取得
2026-05-05 11:36:45.836 | INFO     | src.api.rakuten_client:search_items:158 - APIリクエスト: ふるさと納税 カニ page=28
2026-05-05 11:36:46.899 | DEBUG    | __main__:fetch_all:103 -   page 28/100: 30 件取得
2026-05-05 11:36:46.900 | INFO     | src.api.rakuten_client:search_items:158 - APIリクエスト: ふるさと納税 カニ page=29
2026-05-05 11:36:47.835 | DEBUG    | __main__:fetch_all:103 -   page 29/100: 30 件取得
2026-05-05 11:36:47.835 | INFO     | src.api.rakuten_client:search_items:158 - APIリクエスト: ふるさと納税 カニ page=30
2026-05-05 11:36:48.871 | DEBUG    | __main__:fetch_all:103 -   page 30/100: 30 件取得
2026-05-05 11:36:48.871 | INFO     | src.api.rakuten_client:search_items:158 - APIリクエスト: ふるさと納税 カニ page=31
2026-05-05 11:36:49.864 | DEBUG    | __main__:fetch_all:103 -   page 31/100: 30 件取得
2026-05-05 11:36:49.864 | INFO     | src.api.rakuten_client:search_items:158 - APIリクエスト: ふるさと納税 カニ page=32
2026-05-05 11:36:50.921 | DEBUG    | __main__:fetch_all:103 -   page 32/100: 30 件取得
2026-05-05 11:36:50.922 | INFO     | src.api.rakuten_client:search_items:158 - APIリクエスト: ふるさと納税 カニ page=33
2026-05-05 11:36:51.909 | DEBUG    | __main__:fetch_all:103 -   page 33/100: 30 件取得
2026-05-05 11:36:51.909 | INFO     | src.api.rakuten_client:search_items:158 - APIリクエスト: ふるさと納税 カニ page=34
2026-05-05 11:36:52.906 | DEBUG    | __main__:fetch_all:103 -   page 34/100: 30 件取得
2026-05-05 11:36:52.907 | INFO     | src.api.rakuten_client:search_items:158 - APIリクエスト: ふるさと納税 カニ page=35
2026-05-05 11:36:53.919 | DEBUG    | __main__:fetch_all:103 -   page 35/100: 30 件取得
2026-05-05 11:36:53.920 | INFO     | src.api.rakuten_client:search_items:158 - APIリクエスト: ふるさと納税 カニ page=36
2026-05-05 11:36:54.869 | DEBUG    | __main__:fetch_all:103 -   page 36/100: 30 件取得
2026-05-05 11:36:54.869 | INFO     | src.api.rakuten_client:search_items:158 - APIリクエスト: ふるさと納税 カニ page=37
2026-05-05 11:36:55.875 | DEBUG    | __main__:fetch_all:103 -   page 37/100: 30 件取得
2026-05-05 11:36:55.875 | INFO     | src.api.rakuten_client:search_items:158 - APIリクエスト: ふるさと納税 カニ page=38
2026-05-05 11:36:56.875 | DEBUG    | __main__:fetch_all:103 -   page 38/100: 30 件取得
2026-05-05 11:36:56.875 | INFO     | src.api.rakuten_client:search_items:158 - APIリクエスト: ふるさと納税 カニ page=39
2026-05-05 11:36:57.869 | DEBUG    | __main__:fetch_all:103 -   page 39/100: 30 件取得
2026-05-05 11:36:57.869 | INFO     | src.api.rakuten_client:search_items:158 - APIリクエスト: ふるさと納税 カニ page=40
2026-05-05 11:36:58.889 | DEBUG    | __main__:fetch_all:103 -   page 40/100: 30 件取得
2026-05-05 11:36:58.889 | INFO     | src.api.rakuten_client:search_items:158 - APIリクエスト: ふるさと納税 カニ page=41
2026-05-05 11:36:59.933 | DEBUG    | __main__:fetch_all:103 -   page 41/100: 30 件取得
2026-05-05 11:36:59.933 | INFO     | src.api.rakuten_client:search_items:158 - APIリクエスト: ふるさと納税 カニ page=42
2026-05-05 11:37:00.925 | DEBUG    | __main__:fetch_all:103 -   page 42/100: 30 件取得
2026-05-05 11:37:00.925 | INFO     | src.api.rakuten_client:search_items:158 - APIリクエスト: ふるさと納税 カニ page=43
2026-05-05 11:37:01.902 | DEBUG    | __main__:fetch_all:103 -   page 43/100: 30 件取得
2026-05-05 11:37:01.902 | INFO     | src.api.rakuten_client:search_items:158 - APIリクエスト: ふるさと納税 カニ page=44
2026-05-05 11:37:02.976 | DEBUG    | __main__:fetch_all:103 -   page 44/100: 30 件取得
2026-05-05 11:37:02.977 | INFO     | src.api.rakuten_client:search_items:158 - APIリクエスト: ふるさと納税 カニ page=45
2026-05-05 11:37:03.916 | DEBUG    | __main__:fetch_all:103 -   page 45/100: 30 件取得
2026-05-05 11:37:03.917 | INFO     | src.api.rakuten_client:search_items:158 - APIリクエスト: ふるさと納税 カニ page=46
2026-05-05 11:37:04.952 | DEBUG    | __main__:fetch_all:103 -   page 46/100: 30 件取得
2026-05-05 11:37:04.953 | INFO     | src.api.rakuten_client:search_items:158 - APIリクエスト: ふるさと納税 カニ page=47
2026-05-05 11:37:05.998 | DEBUG    | __main__:fetch_all:103 -   page 47/100: 30 件取得
2026-05-05 11:37:06.018 | INFO     | src.api.rakuten_client:search_items:158 - APIリクエスト: ふるさと納税 カニ page=48
2026-05-05 11:37:06.901 | DEBUG    | __main__:fetch_all:103 -   page 48/100: 30 件取得
2026-05-05 11:37:06.901 | INFO     | src.api.rakuten_client:search_items:158 - APIリクエスト: ふるさと納税 カニ page=49
2026-05-05 11:37:07.898 | DEBUG    | __main__:fetch_all:103 -   page 49/100: 30 件取得
2026-05-05 11:37:07.899 | INFO     | src.api.rakuten_client:search_items:158 - APIリクエスト: ふるさと納税 カニ page=50
2026-05-05 11:37:08.922 | DEBUG    | __main__:fetch_all:103 -   page 50/100: 30 件取得
2026-05-05 11:37:08.922 | INFO     | src.api.rakuten_client:search_items:158 - APIリクエスト: ふるさと納税 カニ page=51
2026-05-05 11:37:09.994 | DEBUG    | __main__:fetch_all:103 -   page 51/100: 30 件取得
2026-05-05 11:37:09.995 | INFO     | src.api.rakuten_client:search_items:158 - APIリクエスト: ふるさと納税 カニ page=52
2026-05-05 11:37:10.915 | DEBUG    | __main__:fetch_all:103 -   page 52/100: 30 件取得
2026-05-05 11:37:10.915 | INFO     | src.api.rakuten_client:search_items:158 - APIリクエスト: ふるさと納税 カニ page=53
2026-05-05 11:37:11.936 | DEBUG    | __main__:fetch_all:103 -   page 53/100: 30 件取得
2026-05-05 11:37:11.936 | INFO     | src.api.rakuten_client:search_items:158 - APIリクエスト: ふるさと納税 カニ page=54
2026-05-05 11:37:13.006 | DEBUG    | __main__:fetch_all:103 -   page 54/100: 30 件取得
2026-05-05 11:37:13.006 | INFO     | src.api.rakuten_client:search_items:158 - APIリクエスト: ふるさと納税 カニ page=55
2026-05-05 11:37:13.983 | DEBUG    | __main__:fetch_all:103 -   page 55/100: 30 件取得
2026-05-05 11:37:13.984 | INFO     | src.api.rakuten_client:search_items:158 - APIリクエスト: ふるさと納税 カニ page=56
2026-05-05 11:37:14.995 | DEBUG    | __main__:fetch_all:103 -   page 56/100: 30 件取得
2026-05-05 11:37:14.995 | INFO     | src.api.rakuten_client:search_items:158 - APIリクエスト: ふるさと納税 カニ page=57
2026-05-05 11:37:16.043 | DEBUG    | __main__:fetch_all:103 -   page 57/100: 30 件取得
2026-05-05 11:37:16.044 | INFO     | src.api.rakuten_client:search_items:158 - APIリクエスト: ふるさと納税 カニ page=58
2026-05-05 11:37:17.022 | DEBUG    | __main__:fetch_all:103 -   page 58/100: 30 件取得
2026-05-05 11:37:17.022 | INFO     | src.api.rakuten_client:search_items:158 - APIリクエスト: ふるさと納税 カニ page=59
2026-05-05 11:37:17.983 | DEBUG    | __main__:fetch_all:103 -   page 59/100: 30 件取得
2026-05-05 11:37:17.983 | INFO     | src.api.rakuten_client:search_items:158 - APIリクエスト: ふるさと納税 カニ page=60
2026-05-05 11:37:18.956 | DEBUG    | __main__:fetch_all:103 -   page 60/100: 30 件取得
2026-05-05 11:37:18.956 | INFO     | src.api.rakuten_client:search_items:158 - APIリクエスト: ふるさと納税 カニ page=61
2026-05-05 11:37:19.929 | DEBUG    | __main__:fetch_all:103 -   page 61/100: 30 件取得
2026-05-05 11:37:19.929 | INFO     | src.api.rakuten_client:search_items:158 - APIリクエスト: ふるさと納税 カニ page=62
2026-05-05 11:37:22.853 | DEBUG    | __main__:fetch_all:103 -   page 62/100: 30 件取得
2026-05-05 11:37:22.853 | INFO     | src.api.rakuten_client:search_items:158 - APIリクエスト: ふるさと納税 カニ page=63
2026-05-05 11:37:22.998 | DEBUG    | __main__:fetch_all:103 -   page 63/100: 30 件取得
2026-05-05 11:37:22.998 | INFO     | src.api.rakuten_client:search_items:158 - APIリクエスト: ふるさと納税 カニ page=64
2026-05-05 11:37:24.017 | DEBUG    | __main__:fetch_all:103 -   page 64/100: 30 件取得
2026-05-05 11:37:24.018 | INFO     | src.api.rakuten_client:search_items:158 - APIリクエスト: ふるさと納税 カニ page=65
2026-05-05 11:37:24.991 | DEBUG    | __main__:fetch_all:103 -   page 65/100: 30 件取得
2026-05-05 11:37:24.991 | INFO     | src.api.rakuten_client:search_items:158 - APIリクエスト: ふるさと納税 カニ page=66
2026-05-05 11:37:26.101 | DEBUG    | __main__:fetch_all:103 -   page 66/100: 30 件取得
2026-05-05 11:37:26.102 | INFO     | src.api.rakuten_client:search_items:158 - APIリクエスト: ふるさと納税 カニ page=67
2026-05-05 11:37:26.953 | ERROR    | src.api.rakuten_client:_fetch:113 - APIエラー 429: { "statusCode": 429, "message": "Rate limit is exceeded. Try again in 1 seconds." }
2026-05-05 11:37:29.156 | DEBUG    | __main__:fetch_all:103 -   page 67/100: 30 件取得
2026-05-05 11:37:29.175 | INFO     | src.api.rakuten_client:search_items:158 - APIリクエスト: ふるさと納税 カニ page=68
2026-05-05 11:37:30.754 | DEBUG    | __main__:fetch_all:103 -   page 68/100: 30 件取得
2026-05-05 11:37:30.754 | INFO     | src.api.rakuten_client:search_items:158 - APIリクエスト: ふるさと納税 カニ page=69
2026-05-05 11:37:31.046 | DEBUG    | __main__:fetch_all:103 -   page 69/100: 30 件取得
2026-05-05 11:37:31.046 | INFO     | src.api.rakuten_client:search_items:158 - APIリクエスト: ふるさと納税 カニ page=70
2026-05-05 11:37:32.223 | DEBUG    | __main__:fetch_all:103 -   page 70/100: 30 件取得
2026-05-05 11:37:32.223 | INFO     | src.api.rakuten_client:search_items:158 - APIリクエスト: ふるさと納税 カニ page=71
2026-05-05 11:37:33.058 | DEBUG    | __main__:fetch_all:103 -   page 71/100: 30 件取得
2026-05-05 11:37:33.058 | INFO     | src.api.rakuten_client:search_items:158 - APIリクエスト: ふるさと納税 カニ page=72
2026-05-05 11:37:34.059 | DEBUG    | __main__:fetch_all:103 -   page 72/100: 30 件取得
2026-05-05 11:37:34.060 | INFO     | src.api.rakuten_client:search_items:158 - APIリクエスト: ふるさと納税 カニ page=73
2026-05-05 11:37:35.119 | DEBUG    | __main__:fetch_all:103 -   page 73/100: 30 件取得
2026-05-05 11:37:35.119 | INFO     | src.api.rakuten_client:search_items:158 - APIリクエスト: ふるさと納税 カニ page=74
2026-05-05 11:37:36.072 | DEBUG    | __main__:fetch_all:103 -   page 74/100: 30 件取得
2026-05-05 11:37:36.072 | INFO     | src.api.rakuten_client:search_items:158 - APIリクエスト: ふるさと納税 カニ page=75
2026-05-05 11:37:37.146 | DEBUG    | __main__:fetch_all:103 -   page 75/100: 30 件取得
2026-05-05 11:37:37.147 | INFO     | src.api.rakuten_client:search_items:158 - APIリクエスト: ふるさと納税 カニ page=76
2026-05-05 11:37:39.307 | DEBUG    | __main__:fetch_all:103 -   page 76/100: 30 件取得
2026-05-05 11:37:39.307 | INFO     | src.api.rakuten_client:search_items:158 - APIリクエスト: ふるさと納税 カニ page=77
2026-05-05 11:37:39.642 | DEBUG    | __main__:fetch_all:103 -   page 77/100: 30 件取得
2026-05-05 11:37:39.642 | INFO     | src.api.rakuten_client:search_items:158 - APIリクエスト: ふるさと納税 カニ page=78
2026-05-05 11:37:40.530 | DEBUG    | __main__:fetch_all:103 -   page 78/100: 30 件取得
2026-05-05 11:37:40.531 | INFO     | src.api.rakuten_client:search_items:158 - APIリクエスト: ふるさと納税 カニ page=79
2026-05-05 11:37:41.505 | DEBUG    | __main__:fetch_all:103 -   page 79/100: 30 件取得
2026-05-05 11:37:41.505 | INFO     | src.api.rakuten_client:search_items:158 - APIリクエスト: ふるさと納税 カニ page=80
2026-05-05 11:37:42.507 | DEBUG    | __main__:fetch_all:103 -   page 80/100: 30 件取得
2026-05-05 11:37:42.507 | INFO     | src.api.rakuten_client:search_items:158 - APIリクエスト: ふるさと納税 カニ page=81
2026-05-05 11:37:43.511 | DEBUG    | __main__:fetch_all:103 -   page 81/100: 30 件取得
2026-05-05 11:37:43.512 | INFO     | src.api.rakuten_client:search_items:158 - APIリクエスト: ふるさと納税 カニ page=82
2026-05-05 11:37:44.450 | DEBUG    | __main__:fetch_all:103 -   page 82/100: 30 件取得
2026-05-05 11:37:44.450 | INFO     | src.api.rakuten_client:search_items:158 - APIリクエスト: ふるさと納税 カニ page=83
2026-05-05 11:37:46.103 | DEBUG    | __main__:fetch_all:103 -   page 83/100: 30 件取得
2026-05-05 11:37:46.122 | INFO     | src.api.rakuten_client:search_items:158 - APIリクエスト: ふるさと納税 カニ page=84
2026-05-05 11:37:46.425 | DEBUG    | __main__:fetch_all:103 -   page 84/100: 30 件取得
2026-05-05 11:37:46.425 | INFO     | src.api.rakuten_client:search_items:158 - APIリクエスト: ふるさと納税 カニ page=85
2026-05-05 11:37:47.431 | DEBUG    | __main__:fetch_all:103 -   page 85/100: 30 件取得
2026-05-05 11:37:47.431 | INFO     | src.api.rakuten_client:search_items:158 - APIリクエスト: ふるさと納税 カニ page=86
2026-05-05 11:37:48.432 | DEBUG    | __main__:fetch_all:103 -   page 86/100: 30 件取得
2026-05-05 11:37:48.432 | INFO     | src.api.rakuten_client:search_items:158 - APIリクエスト: ふるさと納税 カニ page=87
2026-05-05 11:37:49.447 | DEBUG    | __main__:fetch_all:103 -   page 87/100: 30 件取得
2026-05-05 11:37:49.448 | INFO     | src.api.rakuten_client:search_items:158 - APIリクエスト: ふるさと納税 カニ page=88
2026-05-05 11:37:50.436 | DEBUG    | __main__:fetch_all:103 -   page 88/100: 30 件取得
2026-05-05 11:37:50.437 | INFO     | src.api.rakuten_client:search_items:158 - APIリクエスト: ふるさと納税 カニ page=89
2026-05-05 11:37:51.440 | DEBUG    | __main__:fetch_all:103 -   page 89/100: 30 件取得
2026-05-05 11:37:51.440 | INFO     | src.api.rakuten_client:search_items:158 - APIリクエスト: ふるさと納税 カニ page=90
2026-05-05 11:37:52.453 | DEBUG    | __main__:fetch_all:103 -   page 90/100: 30 件取得
2026-05-05 11:37:52.453 | INFO     | src.api.rakuten_client:search_items:158 - APIリクエスト: ふるさと納税 カニ page=91
2026-05-05 11:37:53.471 | DEBUG    | __main__:fetch_all:103 -   page 91/100: 30 件取得
2026-05-05 11:37:53.471 | INFO     | src.api.rakuten_client:search_items:158 - APIリクエスト: ふるさと納税 カニ page=92
2026-05-05 11:37:54.477 | DEBUG    | __main__:fetch_all:103 -   page 92/100: 30 件取得
2026-05-05 11:37:54.478 | INFO     | src.api.rakuten_client:search_items:158 - APIリクエスト: ふるさと納税 カニ page=93
2026-05-05 11:37:55.491 | DEBUG    | __main__:fetch_all:103 -   page 93/100: 30 件取得
2026-05-05 11:37:55.492 | INFO     | src.api.rakuten_client:search_items:158 - APIリクエスト: ふるさと納税 カニ page=94
2026-05-05 11:37:56.509 | DEBUG    | __main__:fetch_all:103 -   page 94/100: 30 件取得
2026-05-05 11:37:56.509 | INFO     | src.api.rakuten_client:search_items:158 - APIリクエスト: ふるさと納税 カニ page=95
2026-05-05 11:37:57.446 | DEBUG    | __main__:fetch_all:103 -   page 95/100: 30 件取得
2026-05-05 11:37:57.447 | INFO     | src.api.rakuten_client:search_items:158 - APIリクエスト: ふるさと納税 カニ page=96
2026-05-05 11:37:58.451 | DEBUG    | __main__:fetch_all:103 -   page 96/100: 30 件取得
2026-05-05 11:37:58.451 | INFO     | src.api.rakuten_client:search_items:158 - APIリクエスト: ふるさと納税 カニ page=97
2026-05-05 11:37:59.454 | DEBUG    | __main__:fetch_all:103 -   page 97/100: 30 件取得
2026-05-05 11:37:59.455 | INFO     | src.api.rakuten_client:search_items:158 - APIリクエスト: ふるさと納税 カニ page=98
2026-05-05 11:38:00.480 | DEBUG    | __main__:fetch_all:103 -   page 98/100: 30 件取得
2026-05-05 11:38:00.480 | INFO     | src.api.rakuten_client:search_items:158 - APIリクエスト: ふるさと納税 カニ page=99
2026-05-05 11:38:01.464 | DEBUG    | __main__:fetch_all:103 -   page 99/100: 30 件取得
2026-05-05 11:38:01.464 | INFO     | src.api.rakuten_client:search_items:158 - APIリクエスト: ふるさと納税 カニ page=100
2026-05-05 11:38:02.478 | DEBUG    | __main__:fetch_all:103 -   page 100/100: 30 件取得
2026-05-05 11:38:02.483 | DEBUG    | src.api.rakuten_client:search_items:155 - キャッシュヒット: ふるさと納税 ホタテ page=1
2026-05-05 11:38:02.483 | INFO     | __main__:fetch_all:87 - 取得開始: 'ふるさと納税 ホタテ' (77 ページ)
2026-05-05 11:38:02.483 | INFO     | src.api.rakuten_client:search_items:158 - APIリクエスト: ふるさと納税 ホタテ page=1
2026-05-05 11:38:03.511 | DEBUG    | __main__:fetch_all:103 -   page 1/77: 30 件取得
2026-05-05 11:38:03.511 | INFO     | src.api.rakuten_client:search_items:158 - APIリクエスト: ふるさと納税 ホタテ page=2
2026-05-05 11:38:04.974 | DEBUG    | __main__:fetch_all:103 -   page 2/77: 30 件取得
2026-05-05 11:38:04.974 | INFO     | src.api.rakuten_client:search_items:158 - APIリクエスト: ふるさと納税 ホタテ page=3
2026-05-05 11:38:05.550 | DEBUG    | __main__:fetch_all:103 -   page 3/77: 30 件取得
2026-05-05 11:38:05.550 | INFO     | src.api.rakuten_client:search_items:158 - APIリクエスト: ふるさと納税 ホタテ page=4
2026-05-05 11:38:06.484 | DEBUG    | __main__:fetch_all:103 -   page 4/77: 30 件取得
2026-05-05 11:38:06.484 | INFO     | src.api.rakuten_client:search_items:158 - APIリクエスト: ふるさと納税 ホタテ page=5
2026-05-05 11:38:07.486 | DEBUG    | __main__:fetch_all:103 -   page 5/77: 30 件取得
2026-05-05 11:38:07.486 | INFO     | src.api.rakuten_client:search_items:158 - APIリクエスト: ふるさと納税 ホタテ page=6
2026-05-05 11:38:08.481 | DEBUG    | __main__:fetch_all:103 -   page 6/77: 30 件取得
2026-05-05 11:38:08.481 | INFO     | src.api.rakuten_client:search_items:158 - APIリクエスト: ふるさと納税 ホタテ page=7
2026-05-05 11:38:09.586 | DEBUG    | __main__:fetch_all:103 -   page 7/77: 30 件取得
2026-05-05 11:38:09.586 | INFO     | src.api.rakuten_client:search_items:158 - APIリクエスト: ふるさと納税 ホタテ page=8
2026-05-05 11:38:10.507 | DEBUG    | __main__:fetch_all:103 -   page 8/77: 30 件取得
2026-05-05 11:38:10.507 | INFO     | src.api.rakuten_client:search_items:158 - APIリクエスト: ふるさと納税 ホタテ page=9
2026-05-05 11:38:11.497 | DEBUG    | __main__:fetch_all:103 -   page 9/77: 30 件取得
2026-05-05 11:38:11.497 | INFO     | src.api.rakuten_client:search_items:158 - APIリクエスト: ふるさと納税 ホタテ page=10
2026-05-05 11:38:12.513 | DEBUG    | __main__:fetch_all:103 -   page 10/77: 30 件取得
2026-05-05 11:38:12.514 | INFO     | src.api.rakuten_client:search_items:158 - APIリクエスト: ふるさと納税 ホタテ page=11
2026-05-05 11:38:13.633 | DEBUG    | __main__:fetch_all:103 -   page 11/77: 30 件取得
2026-05-05 11:38:13.633 | INFO     | src.api.rakuten_client:search_items:158 - APIリクエスト: ふるさと納税 ホタテ page=12
2026-05-05 11:38:14.516 | DEBUG    | __main__:fetch_all:103 -   page 12/77: 30 件取得
2026-05-05 11:38:14.517 | INFO     | src.api.rakuten_client:search_items:158 - APIリクエスト: ふるさと納税 ホタテ page=13
2026-05-05 11:38:15.525 | DEBUG    | __main__:fetch_all:103 -   page 13/77: 30 件取得
2026-05-05 11:38:15.526 | INFO     | src.api.rakuten_client:search_items:158 - APIリクエスト: ふるさと納税 ホタテ page=14
2026-05-05 11:38:16.591 | DEBUG    | __main__:fetch_all:103 -   page 14/77: 30 件取得
2026-05-05 11:38:16.592 | INFO     | src.api.rakuten_client:search_items:158 - APIリクエスト: ふるさと納税 ホタテ page=15
2026-05-05 11:38:17.546 | DEBUG    | __main__:fetch_all:103 -   page 15/77: 30 件取得
2026-05-05 11:38:17.546 | INFO     | src.api.rakuten_client:search_items:158 - APIリクエスト: ふるさと納税 ホタテ page=16
2026-05-05 11:38:18.523 | DEBUG    | __main__:fetch_all:103 -   page 16/77: 30 件取得
2026-05-05 11:38:18.523 | INFO     | src.api.rakuten_client:search_items:158 - APIリクエスト: ふるさと納税 ホタテ page=17
2026-05-05 11:38:19.584 | DEBUG    | __main__:fetch_all:103 -   page 17/77: 30 件取得
2026-05-05 11:38:19.584 | INFO     | src.api.rakuten_client:search_items:158 - APIリクエスト: ふるさと納税 ホタテ page=18
2026-05-05 11:38:20.586 | DEBUG    | __main__:fetch_all:103 -   page 18/77: 30 件取得
2026-05-05 11:38:20.587 | INFO     | src.api.rakuten_client:search_items:158 - APIリクエスト: ふるさと納税 ホタテ page=19
2026-05-05 11:38:21.615 | DEBUG    | __main__:fetch_all:103 -   page 19/77: 30 件取得
2026-05-05 11:38:21.616 | INFO     | src.api.rakuten_client:search_items:158 - APIリクエスト: ふるさと納税 ホタテ page=20
2026-05-05 11:38:22.462 | ERROR    | src.api.rakuten_client:_fetch:113 - APIエラー 429: { "statusCode": 429, "message": "Rate limit is exceeded. Try again in 1 seconds." }
2026-05-05 11:38:24.564 | DEBUG    | __main__:fetch_all:103 -   page 20/77: 30 件取得
2026-05-05 11:38:24.564 | INFO     | src.api.rakuten_client:search_items:158 - APIリクエスト: ふるさと納税 ホタテ page=21
2026-05-05 11:38:25.576 | DEBUG    | __main__:fetch_all:103 -   page 21/77: 30 件取得
2026-05-05 11:38:25.577 | INFO     | src.api.rakuten_client:search_items:158 - APIリクエスト: ふるさと納税 ホタテ page=22
2026-05-05 11:38:26.611 | DEBUG    | __main__:fetch_all:103 -   page 22/77: 30 件取得
2026-05-05 11:38:26.612 | INFO     | src.api.rakuten_client:search_items:158 - APIリクエスト: ふるさと納税 ホタテ page=23
2026-05-05 11:38:27.635 | DEBUG    | __main__:fetch_all:103 -   page 23/77: 30 件取得
2026-05-05 11:38:27.635 | INFO     | src.api.rakuten_client:search_items:158 - APIリクエスト: ふるさと納税 ホタテ page=24
2026-05-05 11:38:28.656 | DEBUG    | __main__:fetch_all:103 -   page 24/77: 30 件取得
2026-05-05 11:38:28.657 | INFO     | src.api.rakuten_client:search_items:158 - APIリクエスト: ふるさと納税 ホタテ page=25
2026-05-05 11:38:29.639 | DEBUG    | __main__:fetch_all:103 -   page 25/77: 30 件取得
2026-05-05 11:38:29.639 | INFO     | src.api.rakuten_client:search_items:158 - APIリクエスト: ふるさと納税 ホタテ page=26
2026-05-05 11:38:30.640 | DEBUG    | __main__:fetch_all:103 -   page 26/77: 30 件取得
2026-05-05 11:38:30.640 | INFO     | src.api.rakuten_client:search_items:158 - APIリクエスト: ふるさと納税 ホタテ page=27
2026-05-05 11:38:31.612 | DEBUG    | __main__:fetch_all:103 -   page 27/77: 30 件取得
2026-05-05 11:38:31.612 | INFO     | src.api.rakuten_client:search_items:158 - APIリクエスト: ふるさと納税 ホタテ page=28
2026-05-05 11:38:32.601 | DEBUG    | __main__:fetch_all:103 -   page 28/77: 30 件取得
2026-05-05 11:38:32.601 | INFO     | src.api.rakuten_client:search_items:158 - APIリクエスト: ふるさと納税 ホタテ page=29
2026-05-05 11:38:33.666 | DEBUG    | __main__:fetch_all:103 -   page 29/77: 30 件取得
2026-05-05 11:38:33.667 | INFO     | src.api.rakuten_client:search_items:158 - APIリクエスト: ふるさと納税 ホタテ page=30
2026-05-05 11:38:34.641 | DEBUG    | __main__:fetch_all:103 -   page 30/77: 30 件取得
2026-05-05 11:38:34.642 | INFO     | src.api.rakuten_client:search_items:158 - APIリクエスト: ふるさと納税 ホタテ page=31
2026-05-05 11:38:35.673 | DEBUG    | __main__:fetch_all:103 -   page 31/77: 30 件取得
2026-05-05 11:38:35.674 | INFO     | src.api.rakuten_client:search_items:158 - APIリクエスト: ふるさと納税 ホタテ page=32
2026-05-05 11:38:36.668 | DEBUG    | __main__:fetch_all:103 -   page 32/77: 30 件取得
2026-05-05 11:38:36.668 | INFO     | src.api.rakuten_client:search_items:158 - APIリクエスト: ふるさと納税 ホタテ page=33
2026-05-05 11:38:37.631 | DEBUG    | __main__:fetch_all:103 -   page 33/77: 30 件取得
2026-05-05 11:38:37.631 | INFO     | src.api.rakuten_client:search_items:158 - APIリクエスト: ふるさと納税 ホタテ page=34
2026-05-05 11:38:38.916 | DEBUG    | __main__:fetch_all:103 -   page 34/77: 30 件取得
2026-05-05 11:38:38.917 | INFO     | src.api.rakuten_client:search_items:158 - APIリクエスト: ふるさと納税 ホタテ page=35
2026-05-05 11:38:40.085 | DEBUG    | __main__:fetch_all:103 -   page 35/77: 30 件取得
2026-05-05 11:38:40.086 | INFO     | src.api.rakuten_client:search_items:158 - APIリクエスト: ふるさと納税 ホタテ page=36
2026-05-05 11:38:40.869 | DEBUG    | __main__:fetch_all:103 -   page 36/77: 30 件取得
2026-05-05 11:38:40.869 | INFO     | src.api.rakuten_client:search_items:158 - APIリクエスト: ふるさと納税 ホタテ page=37
2026-05-05 11:38:41.676 | DEBUG    | __main__:fetch_all:103 -   page 37/77: 30 件取得
2026-05-05 11:38:41.676 | INFO     | src.api.rakuten_client:search_items:158 - APIリクエスト: ふるさと納税 ホタテ page=38
2026-05-05 11:38:42.637 | DEBUG    | __main__:fetch_all:103 -   page 38/77: 30 件取得
2026-05-05 11:38:42.637 | INFO     | src.api.rakuten_client:search_items:158 - APIリクエスト: ふるさと納税 ホタテ page=39
2026-05-05 11:38:43.661 | DEBUG    | __main__:fetch_all:103 -   page 39/77: 30 件取得
2026-05-05 11:38:43.661 | INFO     | src.api.rakuten_client:search_items:158 - APIリクエスト: ふるさと納税 ホタテ page=40
2026-05-05 11:38:44.544 | ERROR    | src.api.rakuten_client:_fetch:113 - APIエラー 429: { "statusCode": 429, "message": "Rate limit is exceeded. Try again in 1 seconds." }
2026-05-05 11:38:46.732 | DEBUG    | __main__:fetch_all:103 -   page 40/77: 30 件取得
2026-05-05 11:38:46.732 | INFO     | src.api.rakuten_client:search_items:158 - APIリクエスト: ふるさと納税 ホタテ page=41
2026-05-05 11:38:47.744 | DEBUG    | __main__:fetch_all:103 -   page 41/77: 30 件取得
2026-05-05 11:38:47.745 | INFO     | src.api.rakuten_client:search_items:158 - APIリクエスト: ふるさと納税 ホタテ page=42
2026-05-05 11:38:48.779 | DEBUG    | __main__:fetch_all:103 -   page 42/77: 30 件取得
2026-05-05 11:38:48.779 | INFO     | src.api.rakuten_client:search_items:158 - APIリクエスト: ふるさと納税 ホタテ page=43
2026-05-05 11:38:49.755 | DEBUG    | __main__:fetch_all:103 -   page 43/77: 30 件取得
2026-05-05 11:38:49.756 | INFO     | src.api.rakuten_client:search_items:158 - APIリクエスト: ふるさと納税 ホタテ page=44
2026-05-05 11:38:50.703 | DEBUG    | __main__:fetch_all:103 -   page 44/77: 30 件取得
2026-05-05 11:38:50.704 | INFO     | src.api.rakuten_client:search_items:158 - APIリクエスト: ふるさと納税 ホタテ page=45
2026-05-05 11:38:51.722 | DEBUG    | __main__:fetch_all:103 -   page 45/77: 30 件取得
2026-05-05 11:38:51.723 | INFO     | src.api.rakuten_client:search_items:158 - APIリクエスト: ふるさと納税 ホタテ page=46
2026-05-05 11:38:52.755 | DEBUG    | __main__:fetch_all:103 -   page 46/77: 30 件取得
2026-05-05 11:38:52.755 | INFO     | src.api.rakuten_client:search_items:158 - APIリクエスト: ふるさと納税 ホタテ page=47
2026-05-05 11:38:54.477 | DEBUG    | __main__:fetch_all:103 -   page 47/77: 30 件取得
2026-05-05 11:38:54.477 | INFO     | src.api.rakuten_client:search_items:158 - APIリクエスト: ふるさと納税 ホタテ page=48
2026-05-05 11:38:54.707 | DEBUG    | __main__:fetch_all:103 -   page 48/77: 30 件取得
2026-05-05 11:38:54.708 | INFO     | src.api.rakuten_client:search_items:158 - APIリクエスト: ふるさと納税 ホタテ page=49
2026-05-05 11:38:55.752 | DEBUG    | __main__:fetch_all:103 -   page 49/77: 30 件取得
2026-05-05 11:38:55.752 | INFO     | src.api.rakuten_client:search_items:158 - APIリクエスト: ふるさと納税 ホタテ page=50
2026-05-05 11:38:56.763 | DEBUG    | __main__:fetch_all:103 -   page 50/77: 30 件取得
2026-05-05 11:38:56.764 | INFO     | src.api.rakuten_client:search_items:158 - APIリクエスト: ふるさと納税 ホタテ page=51
2026-05-05 11:38:57.785 | DEBUG    | __main__:fetch_all:103 -   page 51/77: 30 件取得
2026-05-05 11:38:57.786 | INFO     | src.api.rakuten_client:search_items:158 - APIリクエスト: ふるさと納税 ホタテ page=52
2026-05-05 11:38:58.711 | DEBUG    | __main__:fetch_all:103 -   page 52/77: 30 件取得
2026-05-05 11:38:58.711 | INFO     | src.api.rakuten_client:search_items:158 - APIリクエスト: ふるさと納税 ホタテ page=53
2026-05-05 11:38:59.631 | ERROR    | src.api.rakuten_client:_fetch:113 - APIエラー 429: { "statusCode": 429, "message": "Rate limit is exceeded. Try again in 1 seconds." }
2026-05-05 11:39:01.764 | DEBUG    | __main__:fetch_all:103 -   page 53/77: 30 件取得
2026-05-05 11:39:01.765 | INFO     | src.api.rakuten_client:search_items:158 - APIリクエスト: ふるさと納税 ホタテ page=54
2026-05-05 11:39:02.717 | DEBUG    | __main__:fetch_all:103 -   page 54/77: 30 件取得
2026-05-05 11:39:02.718 | INFO     | src.api.rakuten_client:search_items:158 - APIリクエスト: ふるさと納税 ホタテ page=55
2026-05-05 11:39:04.026 | DEBUG    | __main__:fetch_all:103 -   page 55/77: 30 件取得
2026-05-05 11:39:04.026 | INFO     | src.api.rakuten_client:search_items:158 - APIリクエスト: ふるさと納税 ホタテ page=56
2026-05-05 11:39:04.658 | ERROR    | src.api.rakuten_client:_fetch:113 - APIエラー 429: { "statusCode": 429, "message": "Rate limit is exceeded. Try again in 1 seconds." }
2026-05-05 11:39:06.801 | DEBUG    | __main__:fetch_all:103 -   page 56/77: 30 件取得
2026-05-05 11:39:06.801 | INFO     | src.api.rakuten_client:search_items:158 - APIリクエスト: ふるさと納税 ホタテ page=57
2026-05-05 11:39:07.760 | DEBUG    | __main__:fetch_all:103 -   page 57/77: 30 件取得
2026-05-05 11:39:07.761 | INFO     | src.api.rakuten_client:search_items:158 - APIリクエスト: ふるさと納税 ホタテ page=58
2026-05-05 11:39:08.764 | DEBUG    | __main__:fetch_all:103 -   page 58/77: 30 件取得
2026-05-05 11:39:08.764 | INFO     | src.api.rakuten_client:search_items:158 - APIリクエスト: ふるさと納税 ホタテ page=59
2026-05-05 11:39:09.861 | DEBUG    | __main__:fetch_all:103 -   page 59/77: 30 件取得
2026-05-05 11:39:09.862 | INFO     | src.api.rakuten_client:search_items:158 - APIリクエスト: ふるさと納税 ホタテ page=60
2026-05-05 11:39:10.849 | DEBUG    | __main__:fetch_all:103 -   page 60/77: 30 件取得
2026-05-05 11:39:10.850 | INFO     | src.api.rakuten_client:search_items:158 - APIリクエスト: ふるさと納税 ホタテ page=61
2026-05-05 11:39:11.880 | DEBUG    | __main__:fetch_all:103 -   page 61/77: 30 件取得
2026-05-05 11:39:11.880 | INFO     | src.api.rakuten_client:search_items:158 - APIリクエスト: ふるさと納税 ホタテ page=62
2026-05-05 11:39:12.830 | DEBUG    | __main__:fetch_all:103 -   page 62/77: 30 件取得
2026-05-05 11:39:12.831 | INFO     | src.api.rakuten_client:search_items:158 - APIリクエスト: ふるさと納税 ホタテ page=63
2026-05-05 11:39:13.852 | DEBUG    | __main__:fetch_all:103 -   page 63/77: 30 件取得
2026-05-05 11:39:13.853 | INFO     | src.api.rakuten_client:search_items:158 - APIリクエスト: ふるさと納税 ホタテ page=64
2026-05-05 11:39:14.826 | DEBUG    | __main__:fetch_all:103 -   page 64/77: 30 件取得
2026-05-05 11:39:14.826 | INFO     | src.api.rakuten_client:search_items:158 - APIリクエスト: ふるさと納税 ホタテ page=65
2026-05-05 11:39:15.839 | DEBUG    | __main__:fetch_all:103 -   page 65/77: 30 件取得
2026-05-05 11:39:15.839 | INFO     | src.api.rakuten_client:search_items:158 - APIリクエスト: ふるさと納税 ホタテ page=66
2026-05-05 11:39:16.850 | DEBUG    | __main__:fetch_all:103 -   page 66/77: 30 件取得
2026-05-05 11:39:16.850 | INFO     | src.api.rakuten_client:search_items:158 - APIリクエスト: ふるさと納税 ホタテ page=67
2026-05-05 11:39:17.846 | DEBUG    | __main__:fetch_all:103 -   page 67/77: 30 件取得
2026-05-05 11:39:17.847 | INFO     | src.api.rakuten_client:search_items:158 - APIリクエスト: ふるさと納税 ホタテ page=68
2026-05-05 11:39:18.880 | DEBUG    | __main__:fetch_all:103 -   page 68/77: 30 件取得
2026-05-05 11:39:18.881 | INFO     | src.api.rakuten_client:search_items:158 - APIリクエスト: ふるさと納税 ホタテ page=69
2026-05-05 11:39:19.856 | DEBUG    | __main__:fetch_all:103 -   page 69/77: 30 件取得
2026-05-05 11:39:19.856 | INFO     | src.api.rakuten_client:search_items:158 - APIリクエスト: ふるさと納税 ホタテ page=70
2026-05-05 11:39:20.928 | DEBUG    | __main__:fetch_all:103 -   page 70/77: 30 件取得
2026-05-05 11:39:20.928 | INFO     | src.api.rakuten_client:search_items:158 - APIリクエスト: ふるさと納税 ホタテ page=71
2026-05-05 11:39:21.875 | DEBUG    | __main__:fetch_all:103 -   page 71/77: 30 件取得
2026-05-05 11:39:21.875 | INFO     | src.api.rakuten_client:search_items:158 - APIリクエスト: ふるさと納税 ホタテ page=72
2026-05-05 11:39:22.859 | DEBUG    | __main__:fetch_all:103 -   page 72/77: 30 件取得
2026-05-05 11:39:22.859 | INFO     | src.api.rakuten_client:search_items:158 - APIリクエスト: ふるさと納税 ホタテ page=73
2026-05-05 11:39:23.859 | DEBUG    | __main__:fetch_all:103 -   page 73/77: 30 件取得
2026-05-05 11:39:23.859 | INFO     | src.api.rakuten_client:search_items:158 - APIリクエスト: ふるさと納税 ホタテ page=74
2026-05-05 11:39:24.741 | ERROR    | src.api.rakuten_client:_fetch:113 - APIエラー 429: { "statusCode": 429, "message": "Rate limit is exceeded. Try again in 1 seconds." }
2026-05-05 11:39:26.892 | DEBUG    | __main__:fetch_all:103 -   page 74/77: 30 件取得
2026-05-05 11:39:26.892 | INFO     | src.api.rakuten_client:search_items:158 - APIリクエスト: ふるさと納税 ホタテ page=75
2026-05-05 11:39:27.881 | DEBUG    | __main__:fetch_all:103 -   page 75/77: 30 件取得
2026-05-05 11:39:27.881 | INFO     | src.api.rakuten_client:search_items:158 - APIリクエスト: ふるさと納税 ホタテ page=76
2026-05-05 11:39:28.893 | DEBUG    | __main__:fetch_all:103 -   page 76/77: 30 件取得
2026-05-05 11:39:28.893 | INFO     | src.api.rakuten_client:search_items:158 - APIリクエスト: ふるさと納税 ホタテ page=77
2026-05-05 11:39:29.926 | DEBUG    | __main__:fetch_all:103 -   page 77/77: 21 件取得
2026-05-05 11:39:29.931 | DEBUG    | src.api.rakuten_client:search_items:155 - キャッシュヒット: ふるさと納税 果物 page=1
2026-05-05 11:39:29.931 | INFO     | __main__:fetch_all:87 - 取得開始: 'ふるさと納税 果物' (100 ページ)
2026-05-05 11:39:29.931 | INFO     | src.api.rakuten_client:search_items:158 - APIリクエスト: ふるさと納税 果物 page=1
2026-05-05 11:39:30.972 | DEBUG    | __main__:fetch_all:103 -   page 1/100: 30 件取得
2026-05-05 11:39:30.972 | INFO     | src.api.rakuten_client:search_items:158 - APIリクエスト: ふるさと納税 果物 page=2
2026-05-05 11:39:31.966 | DEBUG    | __main__:fetch_all:103 -   page 2/100: 30 件取得
2026-05-05 11:39:31.966 | INFO     | src.api.rakuten_client:search_items:158 - APIリクエスト: ふるさと納税 果物 page=3
2026-05-05 11:39:32.981 | DEBUG    | __main__:fetch_all:103 -   page 3/100: 30 件取得
2026-05-05 11:39:32.981 | INFO     | src.api.rakuten_client:search_items:158 - APIリクエスト: ふるさと納税 果物 page=4
2026-05-05 11:39:33.924 | DEBUG    | __main__:fetch_all:103 -   page 4/100: 30 件取得
2026-05-05 11:39:33.925 | INFO     | src.api.rakuten_client:search_items:158 - APIリクエスト: ふるさと納税 果物 page=5
2026-05-05 11:39:34.873 | DEBUG    | __main__:fetch_all:103 -   page 5/100: 30 件取得
2026-05-05 11:39:34.873 | INFO     | src.api.rakuten_client:search_items:158 - APIリクエスト: ふるさと納税 果物 page=6
2026-05-05 11:39:35.944 | DEBUG    | __main__:fetch_all:103 -   page 6/100: 30 件取得
2026-05-05 11:39:35.944 | INFO     | src.api.rakuten_client:search_items:158 - APIリクエスト: ふるさと納税 果物 page=7
2026-05-05 11:39:36.968 | DEBUG    | __main__:fetch_all:103 -   page 7/100: 30 件取得
2026-05-05 11:39:36.968 | INFO     | src.api.rakuten_client:search_items:158 - APIリクエスト: ふるさと納税 果物 page=8
2026-05-05 11:39:37.944 | DEBUG    | __main__:fetch_all:103 -   page 8/100: 30 件取得
2026-05-05 11:39:37.944 | INFO     | src.api.rakuten_client:search_items:158 - APIリクエスト: ふるさと納税 果物 page=9
2026-05-05 11:39:38.955 | DEBUG    | __main__:fetch_all:103 -   page 9/100: 30 件取得
2026-05-05 11:39:38.955 | INFO     | src.api.rakuten_client:search_items:158 - APIリクエスト: ふるさと納税 果物 page=10
2026-05-05 11:39:39.956 | DEBUG    | __main__:fetch_all:103 -   page 10/100: 30 件取得
2026-05-05 11:39:39.957 | INFO     | src.api.rakuten_client:search_items:158 - APIリクエスト: ふるさと納税 果物 page=11
2026-05-05 11:39:40.989 | DEBUG    | __main__:fetch_all:103 -   page 11/100: 30 件取得
2026-05-05 11:39:41.010 | INFO     | src.api.rakuten_client:search_items:158 - APIリクエスト: ふるさと納税 果物 page=12
2026-05-05 11:39:41.958 | DEBUG    | __main__:fetch_all:103 -   page 12/100: 30 件取得
2026-05-05 11:39:41.959 | INFO     | src.api.rakuten_client:search_items:158 - APIリクエスト: ふるさと納税 果物 page=13
2026-05-05 11:39:43.886 | DEBUG    | __main__:fetch_all:103 -   page 13/100: 30 件取得
2026-05-05 11:39:43.886 | INFO     | src.api.rakuten_client:search_items:158 - APIリクエスト: ふるさと納税 果物 page=14
2026-05-05 11:39:44.041 | DEBUG    | __main__:fetch_all:103 -   page 14/100: 30 件取得
2026-05-05 11:39:44.041 | INFO     | src.api.rakuten_client:search_items:158 - APIリクエスト: ふるさと納税 果物 page=15
2026-05-05 11:39:45.282 | DEBUG    | __main__:fetch_all:103 -   page 15/100: 30 件取得
2026-05-05 11:39:45.282 | INFO     | src.api.rakuten_client:search_items:158 - APIリクエスト: ふるさと納税 果物 page=16
2026-05-05 11:39:47.118 | DEBUG    | __main__:fetch_all:103 -   page 16/100: 30 件取得
2026-05-05 11:39:47.119 | INFO     | src.api.rakuten_client:search_items:158 - APIリクエスト: ふるさと納税 果物 page=17
2026-05-05 11:39:47.150 | ERROR    | src.api.rakuten_client:_fetch:113 - APIエラー 429: { "statusCode": 429, "message": "Rate limit is exceeded. Try again in 1 seconds." }
2026-05-05 11:39:49.317 | DEBUG    | __main__:fetch_all:103 -   page 17/100: 30 件取得
2026-05-05 11:39:49.318 | INFO     | src.api.rakuten_client:search_items:158 - APIリクエスト: ふるさと納税 果物 page=18
2026-05-05 11:39:50.330 | DEBUG    | __main__:fetch_all:103 -   page 18/100: 30 件取得
2026-05-05 11:39:50.330 | INFO     | src.api.rakuten_client:search_items:158 - APIリクエスト: ふるさと納税 果物 page=19
2026-05-05 11:39:51.808 | DEBUG    | __main__:fetch_all:103 -   page 19/100: 30 件取得
2026-05-05 11:39:51.809 | INFO     | src.api.rakuten_client:search_items:158 - APIリクエスト: ふるさと納税 果物 page=20
2026-05-05 11:39:52.193 | ERROR    | src.api.rakuten_client:_fetch:113 - APIエラー 429: { "statusCode": 429, "message": "Rate limit is exceeded. Try again in 1 seconds." }
2026-05-05 11:39:54.328 | DEBUG    | __main__:fetch_all:103 -   page 20/100: 30 件取得
2026-05-05 11:39:54.329 | INFO     | src.api.rakuten_client:search_items:158 - APIリクエスト: ふるさと納税 果物 page=21
2026-05-05 11:39:55.392 | DEBUG    | __main__:fetch_all:103 -   page 21/100: 30 件取得
2026-05-05 11:39:55.392 | INFO     | src.api.rakuten_client:search_items:158 - APIリクエスト: ふるさと納税 果物 page=22
2026-05-05 11:39:56.312 | DEBUG    | __main__:fetch_all:103 -   page 22/100: 30 件取得
2026-05-05 11:39:56.313 | INFO     | src.api.rakuten_client:search_items:158 - APIリクエスト: ふるさと納税 果物 page=23
2026-05-05 11:39:57.320 | DEBUG    | __main__:fetch_all:103 -   page 23/100: 30 件取得
2026-05-05 11:39:57.320 | INFO     | src.api.rakuten_client:search_items:158 - APIリクエスト: ふるさと納税 果物 page=24
2026-05-05 11:39:58.368 | DEBUG    | __main__:fetch_all:103 -   page 24/100: 30 件取得
2026-05-05 11:39:58.369 | INFO     | src.api.rakuten_client:search_items:158 - APIリクエスト: ふるさと納税 果物 page=25
2026-05-05 11:39:59.356 | DEBUG    | __main__:fetch_all:103 -   page 25/100: 30 件取得
2026-05-05 11:39:59.356 | INFO     | src.api.rakuten_client:search_items:158 - APIリクエスト: ふるさと納税 果物 page=26
2026-05-05 11:40:00.365 | DEBUG    | __main__:fetch_all:103 -   page 26/100: 30 件取得
2026-05-05 11:40:00.365 | INFO     | src.api.rakuten_client:search_items:158 - APIリクエスト: ふるさと納税 果物 page=27
2026-05-05 11:40:01.326 | DEBUG    | __main__:fetch_all:103 -   page 27/100: 30 件取得
2026-05-05 11:40:01.326 | INFO     | src.api.rakuten_client:search_items:158 - APIリクエスト: ふるさと納税 果物 page=28
2026-05-05 11:40:02.401 | DEBUG    | __main__:fetch_all:103 -   page 28/100: 30 件取得
2026-05-05 11:40:02.401 | INFO     | src.api.rakuten_client:search_items:158 - APIリクエスト: ふるさと納税 果物 page=29
2026-05-05 11:40:03.325 | DEBUG    | __main__:fetch_all:103 -   page 29/100: 30 件取得
2026-05-05 11:40:03.325 | INFO     | src.api.rakuten_client:search_items:158 - APIリクエスト: ふるさと納税 果物 page=30
2026-05-05 11:40:04.441 | DEBUG    | __main__:fetch_all:103 -   page 30/100: 30 件取得
2026-05-05 11:40:04.441 | INFO     | src.api.rakuten_client:search_items:158 - APIリクエスト: ふるさと納税 果物 page=31
2026-05-05 11:40:05.248 | ERROR    | src.api.rakuten_client:_fetch:113 - APIエラー 429: { "statusCode": 429, "message": "Rate limit is exceeded. Try again in 1 seconds." }
2026-05-05 11:40:07.427 | DEBUG    | __main__:fetch_all:103 -   page 31/100: 30 件取得
2026-05-05 11:40:07.428 | INFO     | src.api.rakuten_client:search_items:158 - APIリクエスト: ふるさと納税 果物 page=32
2026-05-05 11:40:08.419 | DEBUG    | __main__:fetch_all:103 -   page 32/100: 30 件取得
2026-05-05 11:40:08.420 | INFO     | src.api.rakuten_client:search_items:158 - APIリクエスト: ふるさと納税 果物 page=33
2026-05-05 11:40:09.432 | DEBUG    | __main__:fetch_all:103 -   page 33/100: 30 件取得
2026-05-05 11:40:09.432 | INFO     | src.api.rakuten_client:search_items:158 - APIリクエスト: ふるさと納税 果物 page=34
2026-05-05 11:40:10.446 | DEBUG    | __main__:fetch_all:103 -   page 34/100: 30 件取得
2026-05-05 11:40:10.446 | INFO     | src.api.rakuten_client:search_items:158 - APIリクエスト: ふるさと納税 果物 page=35
2026-05-05 11:40:11.412 | DEBUG    | __main__:fetch_all:103 -   page 35/100: 30 件取得
2026-05-05 11:40:11.412 | INFO     | src.api.rakuten_client:search_items:158 - APIリクエスト: ふるさと納税 果物 page=36
2026-05-05 11:40:12.377 | DEBUG    | __main__:fetch_all:103 -   page 36/100: 30 件取得
2026-05-05 11:40:12.377 | INFO     | src.api.rakuten_client:search_items:158 - APIリクエスト: ふるさと納税 果物 page=37
2026-05-05 11:40:13.381 | DEBUG    | __main__:fetch_all:103 -   page 37/100: 30 件取得
2026-05-05 11:40:13.382 | INFO     | src.api.rakuten_client:search_items:158 - APIリクエスト: ふるさと納税 果物 page=38
2026-05-05 11:40:14.411 | DEBUG    | __main__:fetch_all:103 -   page 38/100: 30 件取得
2026-05-05 11:40:14.411 | INFO     | src.api.rakuten_client:search_items:158 - APIリクエスト: ふるさと納税 果物 page=39
2026-05-05 11:40:15.383 | DEBUG    | __main__:fetch_all:103 -   page 39/100: 30 件取得
2026-05-05 11:40:15.383 | INFO     | src.api.rakuten_client:search_items:158 - APIリクエスト: ふるさと納税 果物 page=40
2026-05-05 11:40:16.375 | DEBUG    | __main__:fetch_all:103 -   page 40/100: 30 件取得
2026-05-05 11:40:16.375 | INFO     | src.api.rakuten_client:search_items:158 - APIリクエスト: ふるさと納税 果物 page=41
2026-05-05 11:40:17.440 | DEBUG    | __main__:fetch_all:103 -   page 41/100: 30 件取得
2026-05-05 11:40:17.440 | INFO     | src.api.rakuten_client:search_items:158 - APIリクエスト: ふるさと納税 果物 page=42
2026-05-05 11:40:18.382 | DEBUG    | __main__:fetch_all:103 -   page 42/100: 30 件取得
2026-05-05 11:40:18.382 | INFO     | src.api.rakuten_client:search_items:158 - APIリクエスト: ふるさと納税 果物 page=43
2026-05-05 11:40:19.385 | DEBUG    | __main__:fetch_all:103 -   page 43/100: 30 件取得
2026-05-05 11:40:19.385 | INFO     | src.api.rakuten_client:search_items:158 - APIリクエスト: ふるさと納税 果物 page=44
2026-05-05 11:40:20.396 | DEBUG    | __main__:fetch_all:103 -   page 44/100: 30 件取得
2026-05-05 11:40:20.416 | INFO     | src.api.rakuten_client:search_items:158 - APIリクエスト: ふるさと納税 果物 page=45
2026-05-05 11:40:21.402 | DEBUG    | __main__:fetch_all:103 -   page 45/100: 30 件取得
2026-05-05 11:40:21.403 | INFO     | src.api.rakuten_client:search_items:158 - APIリクエスト: ふるさと納税 果物 page=46
2026-05-05 11:40:22.473 | DEBUG    | __main__:fetch_all:103 -   page 46/100: 30 件取得
2026-05-05 11:40:22.473 | INFO     | src.api.rakuten_client:search_items:158 - APIリクエスト: ふるさと納税 果物 page=47
2026-05-05 11:40:23.478 | DEBUG    | __main__:fetch_all:103 -   page 47/100: 30 件取得
2026-05-05 11:40:23.478 | INFO     | src.api.rakuten_client:search_items:158 - APIリクエスト: ふるさと納税 果物 page=48
2026-05-05 11:40:25.325 | DEBUG    | __main__:fetch_all:103 -   page 48/100: 30 件取得
2026-05-05 11:40:25.325 | INFO     | src.api.rakuten_client:search_items:158 - APIリクエスト: ふるさと納税 果物 page=49
2026-05-05 11:40:25.428 | DEBUG    | __main__:fetch_all:103 -   page 49/100: 30 件取得
2026-05-05 11:40:25.429 | INFO     | src.api.rakuten_client:search_items:158 - APIリクエスト: ふるさと納税 果物 page=50
2026-05-05 11:40:26.429 | DEBUG    | __main__:fetch_all:103 -   page 50/100: 30 件取得
2026-05-05 11:40:26.430 | INFO     | src.api.rakuten_client:search_items:158 - APIリクエスト: ふるさと納税 果物 page=51
2026-05-05 11:40:27.436 | DEBUG    | __main__:fetch_all:103 -   page 51/100: 30 件取得
2026-05-05 11:40:27.436 | INFO     | src.api.rakuten_client:search_items:158 - APIリクエスト: ふるさと納税 果物 page=52
2026-05-05 11:40:28.457 | DEBUG    | __main__:fetch_all:103 -   page 52/100: 30 件取得
2026-05-05 11:40:28.458 | INFO     | src.api.rakuten_client:search_items:158 - APIリクエスト: ふるさと納税 果物 page=53
2026-05-05 11:40:29.972 | DEBUG    | __main__:fetch_all:103 -   page 53/100: 30 件取得
2026-05-05 11:40:29.972 | INFO     | src.api.rakuten_client:search_items:158 - APIリクエスト: ふるさと納税 果物 page=54
2026-05-05 11:40:30.446 | DEBUG    | __main__:fetch_all:103 -   page 54/100: 30 件取得
2026-05-05 11:40:30.446 | INFO     | src.api.rakuten_client:search_items:158 - APIリクエスト: ふるさと納税 果物 page=55
2026-05-05 11:40:31.441 | DEBUG    | __main__:fetch_all:103 -   page 55/100: 30 件取得
2026-05-05 11:40:31.441 | INFO     | src.api.rakuten_client:search_items:158 - APIリクエスト: ふるさと納税 果物 page=56
2026-05-05 11:40:32.475 | DEBUG    | __main__:fetch_all:103 -   page 56/100: 30 件取得
2026-05-05 11:40:32.476 | INFO     | src.api.rakuten_client:search_items:158 - APIリクエスト: ふるさと納税 果物 page=57
2026-05-05 11:40:33.501 | DEBUG    | __main__:fetch_all:103 -   page 57/100: 30 件取得
2026-05-05 11:40:33.501 | INFO     | src.api.rakuten_client:search_items:158 - APIリクエスト: ふるさと納税 果物 page=58
2026-05-05 11:40:34.464 | DEBUG    | __main__:fetch_all:103 -   page 58/100: 30 件取得
2026-05-05 11:40:34.464 | INFO     | src.api.rakuten_client:search_items:158 - APIリクエスト: ふるさと納税 果物 page=59
2026-05-05 11:40:35.465 | DEBUG    | __main__:fetch_all:103 -   page 59/100: 30 件取得
2026-05-05 11:40:35.465 | INFO     | src.api.rakuten_client:search_items:158 - APIリクエスト: ふるさと納税 果物 page=60
2026-05-05 11:40:36.485 | DEBUG    | __main__:fetch_all:103 -   page 60/100: 30 件取得
2026-05-05 11:40:36.505 | INFO     | src.api.rakuten_client:search_items:158 - APIリクエスト: ふるさと納税 果物 page=61
2026-05-05 11:40:37.390 | ERROR    | src.api.rakuten_client:_fetch:113 - APIエラー 429: { "statusCode": 429, "message": "Rate limit is exceeded. Try again in 1 seconds." }
2026-05-05 11:40:39.550 | DEBUG    | __main__:fetch_all:103 -   page 61/100: 30 件取得
2026-05-05 11:40:39.550 | INFO     | src.api.rakuten_client:search_items:158 - APIリクエスト: ふるさと納税 果物 page=62
2026-05-05 11:40:40.554 | DEBUG    | __main__:fetch_all:103 -   page 62/100: 30 件取得
2026-05-05 11:40:40.554 | INFO     | src.api.rakuten_client:search_items:158 - APIリクエスト: ふるさと納税 果物 page=63
2026-05-05 11:40:41.592 | DEBUG    | __main__:fetch_all:103 -   page 63/100: 30 件取得
2026-05-05 11:40:41.592 | INFO     | src.api.rakuten_client:search_items:158 - APIリクエスト: ふるさと納税 果物 page=64
2026-05-05 11:40:42.553 | DEBUG    | __main__:fetch_all:103 -   page 64/100: 30 件取得
2026-05-05 11:40:42.553 | INFO     | src.api.rakuten_client:search_items:158 - APIリクエスト: ふるさと納税 果物 page=65
2026-05-05 11:40:43.587 | DEBUG    | __main__:fetch_all:103 -   page 65/100: 30 件取得
2026-05-05 11:40:43.587 | INFO     | src.api.rakuten_client:search_items:158 - APIリクエスト: ふるさと納税 果物 page=66
2026-05-05 11:40:44.499 | DEBUG    | __main__:fetch_all:103 -   page 66/100: 30 件取得
2026-05-05 11:40:44.499 | INFO     | src.api.rakuten_client:search_items:158 - APIリクエスト: ふるさと納税 果物 page=67
2026-05-05 11:40:45.612 | DEBUG    | __main__:fetch_all:103 -   page 67/100: 30 件取得
2026-05-05 11:40:45.613 | INFO     | src.api.rakuten_client:search_items:158 - APIリクエスト: ふるさと納税 果物 page=68
2026-05-05 11:40:46.525 | DEBUG    | __main__:fetch_all:103 -   page 68/100: 30 件取得
2026-05-05 11:40:46.525 | INFO     | src.api.rakuten_client:search_items:158 - APIリクエスト: ふるさと納税 果物 page=69
2026-05-05 11:40:47.506 | DEBUG    | __main__:fetch_all:103 -   page 69/100: 30 件取得
2026-05-05 11:40:47.507 | INFO     | src.api.rakuten_client:search_items:158 - APIリクエスト: ふるさと納税 果物 page=70
2026-05-05 11:40:48.601 | DEBUG    | __main__:fetch_all:103 -   page 70/100: 30 件取得
2026-05-05 11:40:48.601 | INFO     | src.api.rakuten_client:search_items:158 - APIリクエスト: ふるさと納税 果物 page=71
2026-05-05 11:40:49.609 | DEBUG    | __main__:fetch_all:103 -   page 71/100: 30 件取得
2026-05-05 11:40:49.609 | INFO     | src.api.rakuten_client:search_items:158 - APIリクエスト: ふるさと納税 果物 page=72
2026-05-05 11:40:50.597 | DEBUG    | __main__:fetch_all:103 -   page 72/100: 30 件取得
2026-05-05 11:40:50.597 | INFO     | src.api.rakuten_client:search_items:158 - APIリクエスト: ふるさと納税 果物 page=73
2026-05-05 11:40:51.577 | DEBUG    | __main__:fetch_all:103 -   page 73/100: 30 件取得
2026-05-05 11:40:51.577 | INFO     | src.api.rakuten_client:search_items:158 - APIリクエスト: ふるさと納税 果物 page=74
2026-05-05 11:40:55.740 | DEBUG    | __main__:fetch_all:103 -   page 74/100: 30 件取得
2026-05-05 11:40:55.741 | INFO     | src.api.rakuten_client:search_items:158 - APIリクエスト: ふるさと納税 果物 page=75
2026-05-05 11:40:55.885 | DEBUG    | __main__:fetch_all:103 -   page 75/100: 30 件取得
2026-05-05 11:40:55.885 | INFO     | src.api.rakuten_client:search_items:158 - APIリクエスト: ふるさと納税 果物 page=76
2026-05-05 11:40:56.893 | DEBUG    | __main__:fetch_all:103 -   page 76/100: 30 件取得
2026-05-05 11:40:56.893 | INFO     | src.api.rakuten_client:search_items:158 - APIリクエスト: ふるさと納税 果物 page=77
2026-05-05 11:40:57.867 | DEBUG    | __main__:fetch_all:103 -   page 77/100: 30 件取得
2026-05-05 11:40:57.886 | INFO     | src.api.rakuten_client:search_items:158 - APIリクエスト: ふるさと納税 果物 page=78
2026-05-05 11:40:58.969 | DEBUG    | __main__:fetch_all:103 -   page 78/100: 30 件取得
2026-05-05 11:40:58.969 | INFO     | src.api.rakuten_client:search_items:158 - APIリクエスト: ふるさと納税 果物 page=79
2026-05-05 11:40:59.898 | DEBUG    | __main__:fetch_all:103 -   page 79/100: 30 件取得
2026-05-05 11:40:59.898 | INFO     | src.api.rakuten_client:search_items:158 - APIリクエスト: ふるさと納税 果物 page=80
2026-05-05 11:41:00.966 | DEBUG    | __main__:fetch_all:103 -   page 80/100: 30 件取得
2026-05-05 11:41:00.966 | INFO     | src.api.rakuten_client:search_items:158 - APIリクエスト: ふるさと納税 果物 page=81
2026-05-05 11:41:01.943 | DEBUG    | __main__:fetch_all:103 -   page 81/100: 30 件取得
2026-05-05 11:41:01.944 | INFO     | src.api.rakuten_client:search_items:158 - APIリクエスト: ふるさと納税 果物 page=82
2026-05-05 11:41:02.962 | DEBUG    | __main__:fetch_all:103 -   page 82/100: 30 件取得
2026-05-05 11:41:02.963 | INFO     | src.api.rakuten_client:search_items:158 - APIリクエスト: ふるさと納税 果物 page=83
2026-05-05 11:41:04.010 | DEBUG    | __main__:fetch_all:103 -   page 83/100: 30 件取得
2026-05-05 11:41:04.010 | INFO     | src.api.rakuten_client:search_items:158 - APIリクエスト: ふるさと納税 果物 page=84
2026-05-05 11:41:05.929 | DEBUG    | __main__:fetch_all:103 -   page 84/100: 30 件取得
2026-05-05 11:41:05.929 | INFO     | src.api.rakuten_client:search_items:158 - APIリクエスト: ふるさと納税 果物 page=85
2026-05-05 11:41:06.057 | DEBUG    | __main__:fetch_all:103 -   page 85/100: 30 件取得
2026-05-05 11:41:06.057 | INFO     | src.api.rakuten_client:search_items:158 - APIリクエスト: ふるさと納税 果物 page=86
2026-05-05 11:41:07.110 | DEBUG    | __main__:fetch_all:103 -   page 86/100: 30 件取得
2026-05-05 11:41:07.111 | INFO     | src.api.rakuten_client:search_items:158 - APIリクエスト: ふるさと納税 果物 page=87
2026-05-05 11:41:08.149 | DEBUG    | __main__:fetch_all:103 -   page 87/100: 30 件取得
2026-05-05 11:41:08.149 | INFO     | src.api.rakuten_client:search_items:158 - APIリクエスト: ふるさと納税 果物 page=88
2026-05-05 11:41:09.055 | DEBUG    | __main__:fetch_all:103 -   page 88/100: 30 件取得
2026-05-05 11:41:09.056 | INFO     | src.api.rakuten_client:search_items:158 - APIリクエスト: ふるさと納税 果物 page=89
2026-05-05 11:41:10.128 | DEBUG    | __main__:fetch_all:103 -   page 89/100: 30 件取得
2026-05-05 11:41:10.129 | INFO     | src.api.rakuten_client:search_items:158 - APIリクエスト: ふるさと納税 果物 page=90
2026-05-05 11:41:11.055 | DEBUG    | __main__:fetch_all:103 -   page 90/100: 30 件取得
2026-05-05 11:41:11.056 | INFO     | src.api.rakuten_client:search_items:158 - APIリクエスト: ふるさと納税 果物 page=91
2026-05-05 11:41:12.115 | DEBUG    | __main__:fetch_all:103 -   page 91/100: 30 件取得
2026-05-05 11:41:12.115 | INFO     | src.api.rakuten_client:search_items:158 - APIリクエスト: ふるさと納税 果物 page=92
2026-05-05 11:41:13.107 | DEBUG    | __main__:fetch_all:103 -   page 92/100: 30 件取得
2026-05-05 11:41:13.108 | INFO     | src.api.rakuten_client:search_items:158 - APIリクエスト: ふるさと納税 果物 page=93
2026-05-05 11:41:13.973 | ERROR    | src.api.rakuten_client:_fetch:113 - APIエラー 429: { "statusCode": 429, "message": "Rate limit is exceeded. Try again in 1 seconds." }
2026-05-05 11:41:16.500 | DEBUG    | __main__:fetch_all:103 -   page 93/100: 30 件取得
2026-05-05 11:41:16.501 | INFO     | src.api.rakuten_client:search_items:158 - APIリクエスト: ふるさと納税 果物 page=94
2026-05-05 11:41:17.078 | DEBUG    | __main__:fetch_all:103 -   page 94/100: 30 件取得
2026-05-05 11:41:17.078 | INFO     | src.api.rakuten_client:search_items:158 - APIリクエスト: ふるさと納税 果物 page=95
2026-05-05 11:41:18.070 | DEBUG    | __main__:fetch_all:103 -   page 95/100: 30 件取得
2026-05-05 11:41:18.070 | INFO     | src.api.rakuten_client:search_items:158 - APIリクエスト: ふるさと納税 果物 page=96
2026-05-05 11:41:19.136 | DEBUG    | __main__:fetch_all:103 -   page 96/100: 30 件取得
2026-05-05 11:41:19.136 | INFO     | src.api.rakuten_client:search_items:158 - APIリクエスト: ふるさと納税 果物 page=97
2026-05-05 11:41:20.144 | DEBUG    | __main__:fetch_all:103 -   page 97/100: 30 件取得
2026-05-05 11:41:20.144 | INFO     | src.api.rakuten_client:search_items:158 - APIリクエスト: ふるさと納税 果物 page=98
2026-05-05 11:41:21.110 | DEBUG    | __main__:fetch_all:103 -   page 98/100: 30 件取得
2026-05-05 11:41:21.110 | INFO     | src.api.rakuten_client:search_items:158 - APIリクエスト: ふるさと納税 果物 page=99
2026-05-05 11:41:22.155 | DEBUG    | __main__:fetch_all:103 -   page 99/100: 30 件取得
2026-05-05 11:41:22.155 | INFO     | src.api.rakuten_client:search_items:158 - APIリクエスト: ふるさと納税 果物 page=100
2026-05-05 11:41:23.079 | DEBUG    | __main__:fetch_all:103 -   page 100/100: 30 件取得
2026-05-05 11:41:23.083 | DEBUG    | src.api.rakuten_client:search_items:155 - キャッシュヒット: ふるさと納税 野菜 page=1
2026-05-05 11:41:23.083 | INFO     | __main__:fetch_all:87 - 取得開始: 'ふるさと納税 野菜' (100 ページ)
2026-05-05 11:41:23.083 | INFO     | src.api.rakuten_client:search_items:158 - APIリクエスト: ふるさと納税 野菜 page=1
2026-05-05 11:41:24.337 | DEBUG    | __main__:fetch_all:103 -   page 1/100: 30 件取得
2026-05-05 11:41:24.338 | INFO     | src.api.rakuten_client:search_items:158 - APIリクエスト: ふるさと納税 野菜 page=2
2026-05-05 11:41:25.201 | DEBUG    | __main__:fetch_all:103 -   page 2/100: 30 件取得
2026-05-05 11:41:25.201 | INFO     | src.api.rakuten_client:search_items:158 - APIリクエスト: ふるさと納税 野菜 page=3
2026-05-05 11:41:26.113 | DEBUG    | __main__:fetch_all:103 -   page 3/100: 30 件取得
2026-05-05 11:41:26.113 | INFO     | src.api.rakuten_client:search_items:158 - APIリクエスト: ふるさと納税 野菜 page=4
2026-05-05 11:41:27.376 | DEBUG    | __main__:fetch_all:103 -   page 4/100: 30 件取得
2026-05-05 11:41:27.376 | INFO     | src.api.rakuten_client:search_items:158 - APIリクエスト: ふるさと納税 野菜 page=5
2026-05-05 11:41:28.017 | ERROR    | src.api.rakuten_client:_fetch:113 - APIエラー 429: { "statusCode": 429, "message": "Rate limit is exceeded. Try again in 1 seconds." }
2026-05-05 11:41:30.233 | DEBUG    | __main__:fetch_all:103 -   page 5/100: 30 件取得
2026-05-05 11:41:30.233 | INFO     | src.api.rakuten_client:search_items:158 - APIリクエスト: ふるさと納税 野菜 page=6
2026-05-05 11:41:31.132 | DEBUG    | __main__:fetch_all:103 -   page 6/100: 30 件取得
2026-05-05 11:41:31.133 | INFO     | src.api.rakuten_client:search_items:158 - APIリクエスト: ふるさと納税 野菜 page=7
2026-05-05 11:41:32.120 | DEBUG    | __main__:fetch_all:103 -   page 7/100: 30 件取得
2026-05-05 11:41:32.120 | INFO     | src.api.rakuten_client:search_items:158 - APIリクエスト: ふるさと納税 野菜 page=8
2026-05-05 11:41:33.220 | DEBUG    | __main__:fetch_all:103 -   page 8/100: 30 件取得
2026-05-05 11:41:33.220 | INFO     | src.api.rakuten_client:search_items:158 - APIリクエスト: ふるさと納税 野菜 page=9
2026-05-05 11:41:34.128 | DEBUG    | __main__:fetch_all:103 -   page 9/100: 30 件取得
2026-05-05 11:41:34.128 | INFO     | src.api.rakuten_client:search_items:158 - APIリクエスト: ふるさと納税 野菜 page=10
2026-05-05 11:41:35.132 | DEBUG    | __main__:fetch_all:103 -   page 10/100: 30 件取得
2026-05-05 11:41:35.132 | INFO     | src.api.rakuten_client:search_items:158 - APIリクエスト: ふるさと納税 野菜 page=11
2026-05-05 11:41:36.145 | DEBUG    | __main__:fetch_all:103 -   page 11/100: 30 件取得
2026-05-05 11:41:36.145 | INFO     | src.api.rakuten_client:search_items:158 - APIリクエスト: ふるさと納税 野菜 page=12
2026-05-05 11:41:37.146 | DEBUG    | __main__:fetch_all:103 -   page 12/100: 30 件取得
2026-05-05 11:41:37.147 | INFO     | src.api.rakuten_client:search_items:158 - APIリクエスト: ふるさと納税 野菜 page=13
2026-05-05 11:41:38.153 | DEBUG    | __main__:fetch_all:103 -   page 13/100: 30 件取得
2026-05-05 11:41:38.153 | INFO     | src.api.rakuten_client:search_items:158 - APIリクエスト: ふるさと納税 野菜 page=14
2026-05-05 11:41:39.163 | DEBUG    | __main__:fetch_all:103 -   page 14/100: 30 件取得
2026-05-05 11:41:39.163 | INFO     | src.api.rakuten_client:search_items:158 - APIリクエスト: ふるさと納税 野菜 page=15
2026-05-05 11:41:40.247 | DEBUG    | __main__:fetch_all:103 -   page 15/100: 30 件取得
2026-05-05 11:41:40.248 | INFO     | src.api.rakuten_client:search_items:158 - APIリクエスト: ふるさと納税 野菜 page=16
2026-05-05 11:41:41.771 | DEBUG    | __main__:fetch_all:103 -   page 16/100: 30 件取得
2026-05-05 11:41:41.771 | INFO     | src.api.rakuten_client:search_items:158 - APIリクエスト: ふるさと納税 野菜 page=17
2026-05-05 11:41:42.086 | ERROR    | src.api.rakuten_client:_fetch:113 - APIエラー 429: { "statusCode": 429, "message": "Rate limit is exceeded. Try again in 1 seconds." }
2026-05-05 11:41:44.195 | DEBUG    | __main__:fetch_all:103 -   page 17/100: 30 件取得
2026-05-05 11:41:44.195 | INFO     | src.api.rakuten_client:search_items:158 - APIリクエスト: ふるさと納税 野菜 page=18
2026-05-05 11:41:45.196 | DEBUG    | __main__:fetch_all:103 -   page 18/100: 30 件取得
2026-05-05 11:41:45.197 | INFO     | src.api.rakuten_client:search_items:158 - APIリクエスト: ふるさと納税 野菜 page=19
2026-05-05 11:41:46.198 | DEBUG    | __main__:fetch_all:103 -   page 19/100: 30 件取得
2026-05-05 11:41:46.198 | INFO     | src.api.rakuten_client:search_items:158 - APIリクエスト: ふるさと納税 野菜 page=20
2026-05-05 11:41:47.199 | DEBUG    | __main__:fetch_all:103 -   page 20/100: 30 件取得
2026-05-05 11:41:47.200 | INFO     | src.api.rakuten_client:search_items:158 - APIリクエスト: ふるさと納税 野菜 page=21
2026-05-05 11:41:48.217 | DEBUG    | __main__:fetch_all:103 -   page 21/100: 30 件取得
2026-05-05 11:41:48.217 | INFO     | src.api.rakuten_client:search_items:158 - APIリクエスト: ふるさと納税 野菜 page=22
2026-05-05 11:41:49.206 | DEBUG    | __main__:fetch_all:103 -   page 22/100: 30 件取得
2026-05-05 11:41:49.206 | INFO     | src.api.rakuten_client:search_items:158 - APIリクエスト: ふるさと納税 野菜 page=23
2026-05-05 11:41:50.264 | DEBUG    | __main__:fetch_all:103 -   page 23/100: 30 件取得
2026-05-05 11:41:50.264 | INFO     | src.api.rakuten_client:search_items:158 - APIリクエスト: ふるさと納税 野菜 page=24
2026-05-05 11:41:51.225 | DEBUG    | __main__:fetch_all:103 -   page 24/100: 30 件取得
2026-05-05 11:41:51.226 | INFO     | src.api.rakuten_client:search_items:158 - APIリクエスト: ふるさと納税 野菜 page=25
2026-05-05 11:41:52.206 | DEBUG    | __main__:fetch_all:103 -   page 25/100: 30 件取得
2026-05-05 11:41:52.206 | INFO     | src.api.rakuten_client:search_items:158 - APIリクエスト: ふるさと納税 野菜 page=26
2026-05-05 11:41:53.233 | DEBUG    | __main__:fetch_all:103 -   page 26/100: 30 件取得
2026-05-05 11:41:53.234 | INFO     | src.api.rakuten_client:search_items:158 - APIリクエスト: ふるさと納税 野菜 page=27
2026-05-05 11:41:54.235 | DEBUG    | __main__:fetch_all:103 -   page 27/100: 30 件取得
2026-05-05 11:41:54.235 | INFO     | src.api.rakuten_client:search_items:158 - APIリクエスト: ふるさと納税 野菜 page=28
2026-05-05 11:41:55.224 | DEBUG    | __main__:fetch_all:103 -   page 28/100: 30 件取得
2026-05-05 11:41:55.225 | INFO     | src.api.rakuten_client:search_items:158 - APIリクエスト: ふるさと納税 野菜 page=29
2026-05-05 11:41:56.220 | DEBUG    | __main__:fetch_all:103 -   page 29/100: 30 件取得
2026-05-05 11:41:56.220 | INFO     | src.api.rakuten_client:search_items:158 - APIリクエスト: ふるさと納税 野菜 page=30
2026-05-05 11:41:57.228 | DEBUG    | __main__:fetch_all:103 -   page 30/100: 30 件取得
2026-05-05 11:41:57.228 | INFO     | src.api.rakuten_client:search_items:158 - APIリクエスト: ふるさと納税 野菜 page=31
2026-05-05 11:41:58.229 | DEBUG    | __main__:fetch_all:103 -   page 31/100: 30 件取得
2026-05-05 11:41:58.230 | INFO     | src.api.rakuten_client:search_items:158 - APIリクエスト: ふるさと納税 野菜 page=32
2026-05-05 11:41:59.225 | DEBUG    | __main__:fetch_all:103 -   page 32/100: 30 件取得
2026-05-05 11:41:59.226 | INFO     | src.api.rakuten_client:search_items:158 - APIリクエスト: ふるさと納税 野菜 page=33
2026-05-05 11:42:00.251 | DEBUG    | __main__:fetch_all:103 -   page 33/100: 30 件取得
2026-05-05 11:42:00.251 | INFO     | src.api.rakuten_client:search_items:158 - APIリクエスト: ふるさと納税 野菜 page=34
2026-05-05 11:42:01.238 | DEBUG    | __main__:fetch_all:103 -   page 34/100: 30 件取得
2026-05-05 11:42:01.238 | INFO     | src.api.rakuten_client:search_items:158 - APIリクエスト: ふるさと納税 野菜 page=35
2026-05-05 11:42:02.285 | DEBUG    | __main__:fetch_all:103 -   page 35/100: 30 件取得
2026-05-05 11:42:02.285 | INFO     | src.api.rakuten_client:search_items:158 - APIリクエスト: ふるさと納税 野菜 page=36
2026-05-05 11:42:03.244 | DEBUG    | __main__:fetch_all:103 -   page 36/100: 30 件取得
2026-05-05 11:42:03.245 | INFO     | src.api.rakuten_client:search_items:158 - APIリクエスト: ふるさと納税 野菜 page=37
2026-05-05 11:42:04.245 | DEBUG    | __main__:fetch_all:103 -   page 37/100: 30 件取得
2026-05-05 11:42:04.245 | INFO     | src.api.rakuten_client:search_items:158 - APIリクエスト: ふるさと納税 野菜 page=38
2026-05-05 11:42:05.249 | DEBUG    | __main__:fetch_all:103 -   page 38/100: 30 件取得
2026-05-05 11:42:05.250 | INFO     | src.api.rakuten_client:search_items:158 - APIリクエスト: ふるさと納税 野菜 page=39
2026-05-05 11:42:06.252 | DEBUG    | __main__:fetch_all:103 -   page 39/100: 30 件取得
2026-05-05 11:42:06.253 | INFO     | src.api.rakuten_client:search_items:158 - APIリクエスト: ふるさと納税 野菜 page=40
2026-05-05 11:42:07.263 | DEBUG    | __main__:fetch_all:103 -   page 40/100: 30 件取得
2026-05-05 11:42:07.263 | INFO     | src.api.rakuten_client:search_items:158 - APIリクエスト: ふるさと納税 野菜 page=41
2026-05-05 11:42:09.027 | DEBUG    | __main__:fetch_all:103 -   page 41/100: 30 件取得
2026-05-05 11:42:09.027 | INFO     | src.api.rakuten_client:search_items:158 - APIリクエスト: ふるさと納税 野菜 page=42
2026-05-05 11:42:09.267 | DEBUG    | __main__:fetch_all:103 -   page 42/100: 30 件取得
2026-05-05 11:42:09.268 | INFO     | src.api.rakuten_client:search_items:158 - APIリクエスト: ふるさと納税 野菜 page=43
2026-05-05 11:42:10.200 | ERROR    | src.api.rakuten_client:_fetch:113 - APIエラー 429: { "statusCode": 429, "message": "Rate limit is exceeded. Try again in 1 seconds." }
2026-05-05 11:42:12.309 | DEBUG    | __main__:fetch_all:103 -   page 43/100: 30 件取得
2026-05-05 11:42:12.310 | INFO     | src.api.rakuten_client:search_items:158 - APIリクエスト: ふるさと納税 野菜 page=44
2026-05-05 11:42:13.318 | DEBUG    | __main__:fetch_all:103 -   page 44/100: 30 件取得
2026-05-05 11:42:13.318 | INFO     | src.api.rakuten_client:search_items:158 - APIリクエスト: ふるさと納税 野菜 page=45
2026-05-05 11:42:14.332 | DEBUG    | __main__:fetch_all:103 -   page 45/100: 30 件取得
2026-05-05 11:42:14.332 | INFO     | src.api.rakuten_client:search_items:158 - APIリクエスト: ふるさと納税 野菜 page=46
2026-05-05 11:42:15.237 | ERROR    | src.api.rakuten_client:_fetch:113 - APIエラー 429: { "statusCode": 429, "message": "Rate limit is exceeded. Try again in 1 seconds." }
2026-05-05 11:42:17.348 | DEBUG    | __main__:fetch_all:103 -   page 46/100: 30 件取得
2026-05-05 11:42:17.349 | INFO     | src.api.rakuten_client:search_items:158 - APIリクエスト: ふるさと納税 野菜 page=47
2026-05-05 11:42:18.351 | DEBUG    | __main__:fetch_all:103 -   page 47/100: 30 件取得
2026-05-05 11:42:18.351 | INFO     | src.api.rakuten_client:search_items:158 - APIリクエスト: ふるさと納税 野菜 page=48
2026-05-05 11:42:19.407 | DEBUG    | __main__:fetch_all:103 -   page 48/100: 30 件取得
2026-05-05 11:42:19.407 | INFO     | src.api.rakuten_client:search_items:158 - APIリクエスト: ふるさと納税 野菜 page=49
2026-05-05 11:42:20.456 | DEBUG    | __main__:fetch_all:103 -   page 49/100: 30 件取得
2026-05-05 11:42:20.456 | INFO     | src.api.rakuten_client:search_items:158 - APIリクエスト: ふるさと納税 野菜 page=50
2026-05-05 11:42:21.392 | DEBUG    | __main__:fetch_all:103 -   page 50/100: 30 件取得
2026-05-05 11:42:21.392 | INFO     | src.api.rakuten_client:search_items:158 - APIリクエスト: ふるさと納税 野菜 page=51
2026-05-05 11:42:22.370 | DEBUG    | __main__:fetch_all:103 -   page 51/100: 30 件取得
2026-05-05 11:42:22.371 | INFO     | src.api.rakuten_client:search_items:158 - APIリクエスト: ふるさと納税 野菜 page=52
2026-05-05 11:42:23.448 | DEBUG    | __main__:fetch_all:103 -   page 52/100: 30 件取得
2026-05-05 11:42:23.448 | INFO     | src.api.rakuten_client:search_items:158 - APIリクエスト: ふるさと納税 野菜 page=53
2026-05-05 11:42:24.387 | DEBUG    | __main__:fetch_all:103 -   page 53/100: 30 件取得
2026-05-05 11:42:24.387 | INFO     | src.api.rakuten_client:search_items:158 - APIリクエスト: ふるさと納税 野菜 page=54
2026-05-05 11:42:25.438 | DEBUG    | __main__:fetch_all:103 -   page 54/100: 30 件取得
2026-05-05 11:42:25.438 | INFO     | src.api.rakuten_client:search_items:158 - APIリクエスト: ふるさと納税 野菜 page=55
2026-05-05 11:42:26.424 | DEBUG    | __main__:fetch_all:103 -   page 55/100: 30 件取得
2026-05-05 11:42:26.425 | INFO     | src.api.rakuten_client:search_items:158 - APIリクエスト: ふるさと納税 野菜 page=56
2026-05-05 11:42:27.890 | DEBUG    | __main__:fetch_all:103 -   page 56/100: 30 件取得
2026-05-05 11:42:27.890 | INFO     | src.api.rakuten_client:search_items:158 - APIリクエスト: ふるさと納税 野菜 page=57
2026-05-05 11:42:28.452 | DEBUG    | __main__:fetch_all:103 -   page 57/100: 30 件取得
2026-05-05 11:42:28.452 | INFO     | src.api.rakuten_client:search_items:158 - APIリクエスト: ふるさと納税 野菜 page=58
2026-05-05 11:42:29.461 | DEBUG    | __main__:fetch_all:103 -   page 58/100: 30 件取得
2026-05-05 11:42:29.461 | INFO     | src.api.rakuten_client:search_items:158 - APIリクエスト: ふるさと納税 野菜 page=59
2026-05-05 11:42:30.416 | DEBUG    | __main__:fetch_all:103 -   page 59/100: 30 件取得
2026-05-05 11:42:30.417 | INFO     | src.api.rakuten_client:search_items:158 - APIリクエスト: ふるさと納税 野菜 page=60
2026-05-05 11:42:31.490 | DEBUG    | __main__:fetch_all:103 -   page 60/100: 30 件取得
2026-05-05 11:42:31.490 | INFO     | src.api.rakuten_client:search_items:158 - APIリクエスト: ふるさと納税 野菜 page=61
2026-05-05 11:42:32.467 | DEBUG    | __main__:fetch_all:103 -   page 61/100: 30 件取得
2026-05-05 11:42:32.467 | INFO     | src.api.rakuten_client:search_items:158 - APIリクエスト: ふるさと納税 野菜 page=62
2026-05-05 11:42:33.488 | DEBUG    | __main__:fetch_all:103 -   page 62/100: 30 件取得
2026-05-05 11:42:33.488 | INFO     | src.api.rakuten_client:search_items:158 - APIリクエスト: ふるさと納税 野菜 page=63
2026-05-05 11:42:34.440 | DEBUG    | __main__:fetch_all:103 -   page 63/100: 30 件取得
2026-05-05 11:42:34.441 | INFO     | src.api.rakuten_client:search_items:158 - APIリクエスト: ふるさと納税 野菜 page=64
2026-05-05 11:42:35.463 | DEBUG    | __main__:fetch_all:103 -   page 64/100: 30 件取得
2026-05-05 11:42:35.464 | INFO     | src.api.rakuten_client:search_items:158 - APIリクエスト: ふるさと納税 野菜 page=65
2026-05-05 11:42:36.468 | DEBUG    | __main__:fetch_all:103 -   page 65/100: 30 件取得
2026-05-05 11:42:36.468 | INFO     | src.api.rakuten_client:search_items:158 - APIリクエスト: ふるさと納税 野菜 page=66
2026-05-05 11:42:38.101 | DEBUG    | __main__:fetch_all:103 -   page 66/100: 30 件取得
2026-05-05 11:42:38.102 | INFO     | src.api.rakuten_client:search_items:158 - APIリクエスト: ふるさと納税 野菜 page=67
2026-05-05 11:42:38.560 | DEBUG    | __main__:fetch_all:103 -   page 67/100: 30 件取得
2026-05-05 11:42:38.561 | INFO     | src.api.rakuten_client:search_items:158 - APIリクエスト: ふるさと納税 野菜 page=68
2026-05-05 11:42:39.456 | DEBUG    | __main__:fetch_all:103 -   page 68/100: 30 件取得
2026-05-05 11:42:39.457 | INFO     | src.api.rakuten_client:search_items:158 - APIリクエスト: ふるさと納税 野菜 page=69
2026-05-05 11:42:40.535 | DEBUG    | __main__:fetch_all:103 -   page 69/100: 30 件取得
2026-05-05 11:42:40.536 | INFO     | src.api.rakuten_client:search_items:158 - APIリクエスト: ふるさと納税 野菜 page=70
2026-05-05 11:42:41.465 | DEBUG    | __main__:fetch_all:103 -   page 70/100: 30 件取得
2026-05-05 11:42:41.465 | INFO     | src.api.rakuten_client:search_items:158 - APIリクエスト: ふるさと納税 野菜 page=71
2026-05-05 11:42:42.395 | ERROR    | src.api.rakuten_client:_fetch:113 - APIエラー 429: { "statusCode": 429, "message": "Rate limit is exceeded. Try again in 1 seconds." }
2026-05-05 11:42:44.512 | DEBUG    | __main__:fetch_all:103 -   page 71/100: 30 件取得
2026-05-05 11:42:44.513 | INFO     | src.api.rakuten_client:search_items:158 - APIリクエスト: ふるさと納税 野菜 page=72
2026-05-05 11:42:45.511 | DEBUG    | __main__:fetch_all:103 -   page 72/100: 30 件取得
2026-05-05 11:42:45.511 | INFO     | src.api.rakuten_client:search_items:158 - APIリクエスト: ふるさと納税 野菜 page=73
2026-05-05 11:42:46.556 | DEBUG    | __main__:fetch_all:103 -   page 73/100: 30 件取得
2026-05-05 11:42:46.557 | INFO     | src.api.rakuten_client:search_items:158 - APIリクエスト: ふるさと納税 野菜 page=74
2026-05-05 11:42:47.566 | DEBUG    | __main__:fetch_all:103 -   page 74/100: 30 件取得
2026-05-05 11:42:47.566 | INFO     | src.api.rakuten_client:search_items:158 - APIリクエスト: ふるさと納税 野菜 page=75
2026-05-05 11:42:48.663 | DEBUG    | __main__:fetch_all:103 -   page 75/100: 30 件取得
2026-05-05 11:42:48.663 | INFO     | src.api.rakuten_client:search_items:158 - APIリクエスト: ふるさと納税 野菜 page=76
2026-05-05 11:42:49.451 | ERROR    | src.api.rakuten_client:_fetch:113 - APIエラー 429: { "statusCode": 429, "message": "Rate limit is exceeded. Try again in 1 seconds." }
2026-05-05 11:42:51.577 | DEBUG    | __main__:fetch_all:103 -   page 76/100: 30 件取得
2026-05-05 11:42:51.577 | INFO     | src.api.rakuten_client:search_items:158 - APIリクエスト: ふるさと納税 野菜 page=77
2026-05-05 11:42:52.695 | DEBUG    | __main__:fetch_all:103 -   page 77/100: 30 件取得
2026-05-05 11:42:52.696 | INFO     | src.api.rakuten_client:search_items:158 - APIリクエスト: ふるさと納税 野菜 page=78
2026-05-05 11:42:53.598 | DEBUG    | __main__:fetch_all:103 -   page 78/100: 30 件取得
2026-05-05 11:42:53.598 | INFO     | src.api.rakuten_client:search_items:158 - APIリクエスト: ふるさと納税 野菜 page=79
2026-05-05 11:42:54.657 | DEBUG    | __main__:fetch_all:103 -   page 79/100: 30 件取得
2026-05-05 11:42:54.658 | INFO     | src.api.rakuten_client:search_items:158 - APIリクエスト: ふるさと納税 野菜 page=80
2026-05-05 11:42:56.382 | DEBUG    | __main__:fetch_all:103 -   page 80/100: 30 件取得
2026-05-05 11:42:56.382 | INFO     | src.api.rakuten_client:search_items:158 - APIリクエスト: ふるさと納税 野菜 page=81
2026-05-05 11:42:56.631 | DEBUG    | __main__:fetch_all:103 -   page 81/100: 30 件取得
2026-05-05 11:42:56.631 | INFO     | src.api.rakuten_client:search_items:158 - APIリクエスト: ふるさと納税 野菜 page=82
2026-05-05 11:42:57.588 | DEBUG    | __main__:fetch_all:103 -   page 82/100: 30 件取得
2026-05-05 11:42:57.589 | INFO     | src.api.rakuten_client:search_items:158 - APIリクエスト: ふるさと納税 野菜 page=83
2026-05-05 11:42:58.607 | DEBUG    | __main__:fetch_all:103 -   page 83/100: 30 件取得
2026-05-05 11:42:58.607 | INFO     | src.api.rakuten_client:search_items:158 - APIリクエスト: ふるさと納税 野菜 page=84
2026-05-05 11:42:59.630 | DEBUG    | __main__:fetch_all:103 -   page 84/100: 30 件取得
2026-05-05 11:42:59.632 | INFO     | src.api.rakuten_client:search_items:158 - APIリクエスト: ふるさと納税 野菜 page=85
2026-05-05 11:43:00.665 | DEBUG    | __main__:fetch_all:103 -   page 85/100: 30 件取得
2026-05-05 11:43:00.665 | INFO     | src.api.rakuten_client:search_items:158 - APIリクエスト: ふるさと納税 野菜 page=86
2026-05-05 11:43:01.671 | DEBUG    | __main__:fetch_all:103 -   page 86/100: 30 件取得
2026-05-05 11:43:01.672 | INFO     | src.api.rakuten_client:search_items:158 - APIリクエスト: ふるさと納税 野菜 page=87
2026-05-05 11:43:02.617 | DEBUG    | __main__:fetch_all:103 -   page 87/100: 30 件取得
2026-05-05 11:43:02.618 | INFO     | src.api.rakuten_client:search_items:158 - APIリクエスト: ふるさと納税 野菜 page=88
2026-05-05 11:43:03.610 | DEBUG    | __main__:fetch_all:103 -   page 88/100: 30 件取得
2026-05-05 11:43:03.611 | INFO     | src.api.rakuten_client:search_items:158 - APIリクエスト: ふるさと納税 野菜 page=89
2026-05-05 11:43:04.595 | DEBUG    | __main__:fetch_all:103 -   page 89/100: 30 件取得
2026-05-05 11:43:04.595 | INFO     | src.api.rakuten_client:search_items:158 - APIリクエスト: ふるさと納税 野菜 page=90
2026-05-05 11:43:05.609 | DEBUG    | __main__:fetch_all:103 -   page 90/100: 30 件取得
2026-05-05 11:43:05.609 | INFO     | src.api.rakuten_client:search_items:158 - APIリクエスト: ふるさと納税 野菜 page=91
2026-05-05 11:43:06.599 | DEBUG    | __main__:fetch_all:103 -   page 91/100: 30 件取得
2026-05-05 11:43:06.600 | INFO     | src.api.rakuten_client:search_items:158 - APIリクエスト: ふるさと納税 野菜 page=92
2026-05-05 11:43:07.599 | DEBUG    | __main__:fetch_all:103 -   page 92/100: 30 件取得
2026-05-05 11:43:07.600 | INFO     | src.api.rakuten_client:search_items:158 - APIリクエスト: ふるさと納税 野菜 page=93
2026-05-05 11:43:09.095 | DEBUG    | __main__:fetch_all:103 -   page 93/100: 30 件取得
2026-05-05 11:43:09.096 | INFO     | src.api.rakuten_client:search_items:158 - APIリクエスト: ふるさと納税 野菜 page=94
2026-05-05 11:43:09.614 | DEBUG    | __main__:fetch_all:103 -   page 94/100: 30 件取得
2026-05-05 11:43:09.614 | INFO     | src.api.rakuten_client:search_items:158 - APIリクエスト: ふるさと納税 野菜 page=95
2026-05-05 11:43:10.686 | DEBUG    | __main__:fetch_all:103 -   page 95/100: 30 件取得
2026-05-05 11:43:10.686 | INFO     | src.api.rakuten_client:search_items:158 - APIリクエスト: ふるさと納税 野菜 page=96
2026-05-05 11:43:11.618 | DEBUG    | __main__:fetch_all:103 -   page 96/100: 30 件取得
2026-05-05 11:43:11.618 | INFO     | src.api.rakuten_client:search_items:158 - APIリクエスト: ふるさと納税 野菜 page=97
2026-05-05 11:43:12.685 | DEBUG    | __main__:fetch_all:103 -   page 97/100: 30 件取得
2026-05-05 11:43:12.686 | INFO     | src.api.rakuten_client:search_items:158 - APIリクエスト: ふるさと納税 野菜 page=98
2026-05-05 11:43:13.682 | DEBUG    | __main__:fetch_all:103 -   page 98/100: 30 件取得
2026-05-05 11:43:13.682 | INFO     | src.api.rakuten_client:search_items:158 - APIリクエスト: ふるさと納税 野菜 page=99
2026-05-05 11:43:14.551 | ERROR    | src.api.rakuten_client:_fetch:113 - APIエラー 429: { "statusCode": 429, "message": "Rate limit is exceeded. Try again in 1 seconds." }
2026-05-05 11:43:16.655 | DEBUG    | __main__:fetch_all:103 -   page 99/100: 30 件取得
2026-05-05 11:43:16.657 | INFO     | src.api.rakuten_client:search_items:158 - APIリクエスト: ふるさと納税 野菜 page=100
2026-05-05 11:43:17.744 | DEBUG    | __main__:fetch_all:103 -   page 100/100: 30 件取得
2026-05-05 11:43:17.750 | DEBUG    | src.api.rakuten_client:search_items:155 - キャッシュヒット: ふるさと納税 米 page=1
2026-05-05 11:43:17.750 | INFO     | __main__:fetch_all:87 - 取得開始: 'ふるさと納税 米' (100 ページ)
2026-05-05 11:43:17.751 | INFO     | src.api.rakuten_client:search_items:158 - APIリクエスト: ふるさと納税 米 page=1
2026-05-05 11:43:18.710 | DEBUG    | __main__:fetch_all:103 -   page 1/100: 30 件取得
2026-05-05 11:43:18.711 | INFO     | src.api.rakuten_client:search_items:158 - APIリクエスト: ふるさと納税 米 page=2
2026-05-05 11:43:19.706 | DEBUG    | __main__:fetch_all:103 -   page 2/100: 30 件取得
2026-05-05 11:43:19.706 | INFO     | src.api.rakuten_client:search_items:158 - APIリクエスト: ふるさと納税 米 page=3
2026-05-05 11:43:20.696 | DEBUG    | __main__:fetch_all:103 -   page 3/100: 30 件取得
2026-05-05 11:43:20.696 | INFO     | src.api.rakuten_client:search_items:158 - APIリクエスト: ふるさと納税 米 page=4
2026-05-05 11:43:21.706 | DEBUG    | __main__:fetch_all:103 -   page 4/100: 30 件取得
2026-05-05 11:43:21.707 | INFO     | src.api.rakuten_client:search_items:158 - APIリクエスト: ふるさと納税 米 page=5
2026-05-05 11:43:22.709 | DEBUG    | __main__:fetch_all:103 -   page 5/100: 30 件取得
2026-05-05 11:43:22.710 | INFO     | src.api.rakuten_client:search_items:158 - APIリクエスト: ふるさと納税 米 page=6
2026-05-05 11:43:23.697 | DEBUG    | __main__:fetch_all:103 -   page 6/100: 30 件取得
2026-05-05 11:43:23.697 | INFO     | src.api.rakuten_client:search_items:158 - APIリクエスト: ふるさと納税 米 page=7
2026-05-05 11:43:24.692 | DEBUG    | __main__:fetch_all:103 -   page 7/100: 30 件取得
2026-05-05 11:43:24.692 | INFO     | src.api.rakuten_client:search_items:158 - APIリクエスト: ふるさと納税 米 page=8
2026-05-05 11:43:25.708 | DEBUG    | __main__:fetch_all:103 -   page 8/100: 30 件取得
2026-05-05 11:43:25.708 | INFO     | src.api.rakuten_client:search_items:158 - APIリクエスト: ふるさと納税 米 page=9
2026-05-05 11:43:26.772 | DEBUG    | __main__:fetch_all:103 -   page 9/100: 30 件取得
2026-05-05 11:43:26.772 | INFO     | src.api.rakuten_client:search_items:158 - APIリクエスト: ふるさと納税 米 page=10
2026-05-05 11:43:27.836 | DEBUG    | __main__:fetch_all:103 -   page 10/100: 30 件取得
2026-05-05 11:43:27.837 | INFO     | src.api.rakuten_client:search_items:158 - APIリクエスト: ふるさと納税 米 page=11
2026-05-05 11:43:28.709 | DEBUG    | __main__:fetch_all:103 -   page 11/100: 30 件取得
2026-05-05 11:43:28.709 | INFO     | src.api.rakuten_client:search_items:158 - APIリクエスト: ふるさと納税 米 page=12
2026-05-05 11:43:29.707 | DEBUG    | __main__:fetch_all:103 -   page 12/100: 30 件取得
2026-05-05 11:43:29.707 | INFO     | src.api.rakuten_client:search_items:158 - APIリクエスト: ふるさと納税 米 page=13
2026-05-05 11:43:30.711 | DEBUG    | __main__:fetch_all:103 -   page 13/100: 30 件取得
2026-05-05 11:43:30.711 | INFO     | src.api.rakuten_client:search_items:158 - APIリクエスト: ふるさと納税 米 page=14
2026-05-05 11:43:31.724 | DEBUG    | __main__:fetch_all:103 -   page 14/100: 30 件取得
2026-05-05 11:43:31.724 | INFO     | src.api.rakuten_client:search_items:158 - APIリクエスト: ふるさと納税 米 page=15
2026-05-05 11:43:32.724 | DEBUG    | __main__:fetch_all:103 -   page 15/100: 30 件取得
2026-05-05 11:43:32.724 | INFO     | src.api.rakuten_client:search_items:158 - APIリクエスト: ふるさと納税 米 page=16
2026-05-05 11:43:33.723 | DEBUG    | __main__:fetch_all:103 -   page 16/100: 30 件取得
2026-05-05 11:43:33.724 | INFO     | src.api.rakuten_client:search_items:158 - APIリクエスト: ふるさと納税 米 page=17
2026-05-05 11:43:34.635 | ERROR    | src.api.rakuten_client:_fetch:113 - APIエラー 429: { "statusCode": 429, "message": "Rate limit is exceeded. Try again in 1 seconds." }
2026-05-05 11:43:36.749 | DEBUG    | __main__:fetch_all:103 -   page 17/100: 30 件取得
2026-05-05 11:43:36.750 | INFO     | src.api.rakuten_client:search_items:158 - APIリクエスト: ふるさと納税 米 page=18
2026-05-05 11:43:37.834 | DEBUG    | __main__:fetch_all:103 -   page 18/100: 30 件取得
2026-05-05 11:43:37.834 | INFO     | src.api.rakuten_client:search_items:158 - APIリクエスト: ふるさと納税 米 page=19
2026-05-05 11:43:38.821 | DEBUG    | __main__:fetch_all:103 -   page 19/100: 30 件取得
2026-05-05 11:43:38.821 | INFO     | src.api.rakuten_client:search_items:158 - APIリクエスト: ふるさと納税 米 page=20
2026-05-05 11:43:39.829 | DEBUG    | __main__:fetch_all:103 -   page 20/100: 30 件取得
2026-05-05 11:43:39.829 | INFO     | src.api.rakuten_client:search_items:158 - APIリクエスト: ふるさと納税 米 page=21
2026-05-05 11:43:40.751 | DEBUG    | __main__:fetch_all:103 -   page 21/100: 30 件取得
2026-05-05 11:43:40.751 | INFO     | src.api.rakuten_client:search_items:158 - APIリクエスト: ふるさと納税 米 page=22
2026-05-05 11:43:41.761 | DEBUG    | __main__:fetch_all:103 -   page 22/100: 30 件取得
2026-05-05 11:43:41.761 | INFO     | src.api.rakuten_client:search_items:158 - APIリクエスト: ふるさと納税 米 page=23
2026-05-05 11:43:43.329 | DEBUG    | __main__:fetch_all:103 -   page 23/100: 30 件取得
2026-05-05 11:43:43.330 | INFO     | src.api.rakuten_client:search_items:158 - APIリクエスト: ふるさと納税 米 page=24
2026-05-05 11:43:43.684 | ERROR    | src.api.rakuten_client:_fetch:113 - APIエラー 429: { "statusCode": 429, "message": "Rate limit is exceeded. Try again in 1 seconds." }
2026-05-05 11:43:45.792 | DEBUG    | __main__:fetch_all:103 -   page 24/100: 30 件取得
2026-05-05 11:43:45.792 | INFO     | src.api.rakuten_client:search_items:158 - APIリクエスト: ふるさと納税 米 page=25
2026-05-05 11:43:46.809 | DEBUG    | __main__:fetch_all:103 -   page 25/100: 30 件取得
2026-05-05 11:43:46.810 | INFO     | src.api.rakuten_client:search_items:158 - APIリクエスト: ふるさと納税 米 page=26
2026-05-05 11:43:47.817 | DEBUG    | __main__:fetch_all:103 -   page 26/100: 30 件取得
2026-05-05 11:43:47.818 | INFO     | src.api.rakuten_client:search_items:158 - APIリクエスト: ふるさと納税 米 page=27
2026-05-05 11:43:48.818 | DEBUG    | __main__:fetch_all:103 -   page 27/100: 30 件取得
2026-05-05 11:43:48.819 | INFO     | src.api.rakuten_client:search_items:158 - APIリクエスト: ふるさと納税 米 page=28
2026-05-05 11:43:49.821 | DEBUG    | __main__:fetch_all:103 -   page 28/100: 30 件取得
2026-05-05 11:43:49.821 | INFO     | src.api.rakuten_client:search_items:158 - APIリクエスト: ふるさと納税 米 page=29
2026-05-05 11:43:50.917 | DEBUG    | __main__:fetch_all:103 -   page 29/100: 30 件取得
2026-05-05 11:43:50.917 | INFO     | src.api.rakuten_client:search_items:158 - APIリクエスト: ふるさと納税 米 page=30
2026-05-05 11:43:51.874 | DEBUG    | __main__:fetch_all:103 -   page 30/100: 30 件取得
2026-05-05 11:43:51.874 | INFO     | src.api.rakuten_client:search_items:158 - APIリクエスト: ふるさと納税 米 page=31
2026-05-05 11:43:52.922 | DEBUG    | __main__:fetch_all:103 -   page 31/100: 30 件取得
2026-05-05 11:43:52.922 | INFO     | src.api.rakuten_client:search_items:158 - APIリクエスト: ふるさと納税 米 page=32
2026-05-05 11:43:53.875 | DEBUG    | __main__:fetch_all:103 -   page 32/100: 30 件取得
2026-05-05 11:43:53.876 | INFO     | src.api.rakuten_client:search_items:158 - APIリクエスト: ふるさと納税 米 page=33
2026-05-05 11:43:54.872 | DEBUG    | __main__:fetch_all:103 -   page 33/100: 30 件取得
2026-05-05 11:43:54.872 | INFO     | src.api.rakuten_client:search_items:158 - APIリクエスト: ふるさと納税 米 page=34
2026-05-05 11:43:55.841 | DEBUG    | __main__:fetch_all:103 -   page 34/100: 30 件取得
2026-05-05 11:43:55.841 | INFO     | src.api.rakuten_client:search_items:158 - APIリクエスト: ふるさと納税 米 page=35
2026-05-05 11:43:56.837 | DEBUG    | __main__:fetch_all:103 -   page 35/100: 30 件取得
2026-05-05 11:43:56.837 | INFO     | src.api.rakuten_client:search_items:158 - APIリクエスト: ふるさと納税 米 page=36
2026-05-05 11:43:57.859 | DEBUG    | __main__:fetch_all:103 -   page 36/100: 30 件取得
2026-05-05 11:43:57.859 | INFO     | src.api.rakuten_client:search_items:158 - APIリクエスト: ふるさと納税 米 page=37
2026-05-05 11:43:59.093 | DEBUG    | __main__:fetch_all:103 -   page 37/100: 30 件取得
2026-05-05 11:43:59.093 | INFO     | src.api.rakuten_client:search_items:158 - APIリクエスト: ふるさと納税 米 page=38
2026-05-05 11:43:59.937 | DEBUG    | __main__:fetch_all:103 -   page 38/100: 30 件取得
2026-05-05 11:43:59.937 | INFO     | src.api.rakuten_client:search_items:158 - APIリクエスト: ふるさと納税 米 page=39
2026-05-05 11:44:00.899 | DEBUG    | __main__:fetch_all:103 -   page 39/100: 30 件取得
2026-05-05 11:44:00.899 | INFO     | src.api.rakuten_client:search_items:158 - APIリクエスト: ふるさと納税 米 page=40
2026-05-05 11:44:01.912 | DEBUG    | __main__:fetch_all:103 -   page 40/100: 30 件取得
2026-05-05 11:44:01.912 | INFO     | src.api.rakuten_client:search_items:158 - APIリクエスト: ふるさと納税 米 page=41
2026-05-05 11:44:02.914 | DEBUG    | __main__:fetch_all:103 -   page 41/100: 30 件取得
2026-05-05 11:44:02.914 | INFO     | src.api.rakuten_client:search_items:158 - APIリクエスト: ふるさと納税 米 page=42
2026-05-05 11:44:04.624 | DEBUG    | __main__:fetch_all:103 -   page 42/100: 30 件取得
2026-05-05 11:44:04.624 | INFO     | src.api.rakuten_client:search_items:158 - APIリクエスト: ふるさと納税 米 page=43
2026-05-05 11:44:04.892 | DEBUG    | __main__:fetch_all:103 -   page 43/100: 30 件取得
2026-05-05 11:44:04.893 | INFO     | src.api.rakuten_client:search_items:158 - APIリクエスト: ふるさと納税 米 page=44
2026-05-05 11:44:05.935 | DEBUG    | __main__:fetch_all:103 -   page 44/100: 30 件取得
2026-05-05 11:44:05.935 | INFO     | src.api.rakuten_client:search_items:158 - APIリクエスト: ふるさと納税 米 page=45
2026-05-05 11:44:06.882 | DEBUG    | __main__:fetch_all:103 -   page 45/100: 30 件取得
2026-05-05 11:44:06.882 | INFO     | src.api.rakuten_client:search_items:158 - APIリクエスト: ふるさと納税 米 page=46
2026-05-05 11:44:07.935 | DEBUG    | __main__:fetch_all:103 -   page 46/100: 30 件取得
2026-05-05 11:44:07.935 | INFO     | src.api.rakuten_client:search_items:158 - APIリクエスト: ふるさと納税 米 page=47
2026-05-05 11:44:08.953 | DEBUG    | __main__:fetch_all:103 -   page 47/100: 30 件取得
2026-05-05 11:44:08.953 | INFO     | src.api.rakuten_client:search_items:158 - APIリクエスト: ふるさと納税 米 page=48
2026-05-05 11:44:09.959 | DEBUG    | __main__:fetch_all:103 -   page 48/100: 30 件取得
2026-05-05 11:44:09.959 | INFO     | src.api.rakuten_client:search_items:158 - APIリクエスト: ふるさと納税 米 page=49
2026-05-05 11:44:10.815 | ERROR    | src.api.rakuten_client:_fetch:113 - APIエラー 429: { "statusCode": 429, "message": "Rate limit is exceeded. Try again in 1 seconds." }
2026-05-05 11:44:13.003 | DEBUG    | __main__:fetch_all:103 -   page 49/100: 30 件取得
2026-05-05 11:44:13.003 | INFO     | src.api.rakuten_client:search_items:158 - APIリクエスト: ふるさと納税 米 page=50
2026-05-05 11:44:13.847 | ERROR    | src.api.rakuten_client:_fetch:113 - APIエラー 429: { "statusCode": 429, "message": "Rate limit is exceeded. Try again in 1 seconds." }
2026-05-05 11:44:15.962 | DEBUG    | __main__:fetch_all:103 -   page 50/100: 30 件取得
2026-05-05 11:44:15.962 | INFO     | src.api.rakuten_client:search_items:158 - APIリクエスト: ふるさと納税 米 page=51
2026-05-05 11:44:16.962 | DEBUG    | __main__:fetch_all:103 -   page 51/100: 30 件取得
2026-05-05 11:44:16.962 | INFO     | src.api.rakuten_client:search_items:158 - APIリクエスト: ふるさと納税 米 page=52
2026-05-05 11:44:17.973 | DEBUG    | __main__:fetch_all:103 -   page 52/100: 30 件取得
2026-05-05 11:44:17.973 | INFO     | src.api.rakuten_client:search_items:158 - APIリクエスト: ふるさと納税 米 page=53
2026-05-05 11:44:19.026 | DEBUG    | __main__:fetch_all:103 -   page 53/100: 30 件取得
2026-05-05 11:44:19.027 | INFO     | src.api.rakuten_client:search_items:158 - APIリクエスト: ふるさと納税 米 page=54
2026-05-05 11:44:19.979 | DEBUG    | __main__:fetch_all:103 -   page 54/100: 30 件取得
2026-05-05 11:44:19.980 | INFO     | src.api.rakuten_client:search_items:158 - APIリクエスト: ふるさと納税 米 page=55
2026-05-05 11:44:21.045 | DEBUG    | __main__:fetch_all:103 -   page 55/100: 30 件取得
2026-05-05 11:44:21.045 | INFO     | src.api.rakuten_client:search_items:158 - APIリクエスト: ふるさと納税 米 page=56
2026-05-05 11:44:21.985 | DEBUG    | __main__:fetch_all:103 -   page 56/100: 30 件取得
2026-05-05 11:44:21.985 | INFO     | src.api.rakuten_client:search_items:158 - APIリクエスト: ふるさと納税 米 page=57
2026-05-05 11:44:23.048 | DEBUG    | __main__:fetch_all:103 -   page 57/100: 30 件取得
2026-05-05 11:44:23.048 | INFO     | src.api.rakuten_client:search_items:158 - APIリクエスト: ふるさと納税 米 page=58
2026-05-05 11:44:24.043 | DEBUG    | __main__:fetch_all:103 -   page 58/100: 30 件取得
2026-05-05 11:44:24.043 | INFO     | src.api.rakuten_client:search_items:158 - APIリクエスト: ふるさと納税 米 page=59
2026-05-05 11:44:25.037 | DEBUG    | __main__:fetch_all:103 -   page 59/100: 30 件取得
2026-05-05 11:44:25.038 | INFO     | src.api.rakuten_client:search_items:158 - APIリクエスト: ふるさと納税 米 page=60
2026-05-05 11:44:26.083 | DEBUG    | __main__:fetch_all:103 -   page 60/100: 30 件取得
2026-05-05 11:44:26.084 | INFO     | src.api.rakuten_client:search_items:158 - APIリクエスト: ふるさと納税 米 page=61
2026-05-05 11:44:27.041 | DEBUG    | __main__:fetch_all:103 -   page 61/100: 30 件取得
2026-05-05 11:44:27.041 | INFO     | src.api.rakuten_client:search_items:158 - APIリクエスト: ふるさと納税 米 page=62
2026-05-05 11:44:28.054 | DEBUG    | __main__:fetch_all:103 -   page 62/100: 30 件取得
2026-05-05 11:44:28.054 | INFO     | src.api.rakuten_client:search_items:158 - APIリクエスト: ふるさと納税 米 page=63
2026-05-05 11:44:29.051 | DEBUG    | __main__:fetch_all:103 -   page 63/100: 30 件取得
2026-05-05 11:44:29.051 | INFO     | src.api.rakuten_client:search_items:158 - APIリクエスト: ふるさと納税 米 page=64
2026-05-05 11:44:30.060 | DEBUG    | __main__:fetch_all:103 -   page 64/100: 30 件取得
2026-05-05 11:44:30.061 | INFO     | src.api.rakuten_client:search_items:158 - APIリクエスト: ふるさと納税 米 page=65
2026-05-05 11:44:31.072 | DEBUG    | __main__:fetch_all:103 -   page 65/100: 30 件取得
2026-05-05 11:44:31.072 | INFO     | src.api.rakuten_client:search_items:158 - APIリクエスト: ふるさと納税 米 page=66
2026-05-05 11:44:32.074 | DEBUG    | __main__:fetch_all:103 -   page 66/100: 30 件取得
2026-05-05 11:44:32.075 | INFO     | src.api.rakuten_client:search_items:158 - APIリクエスト: ふるさと納税 米 page=67
2026-05-05 11:44:33.088 | DEBUG    | __main__:fetch_all:103 -   page 67/100: 30 件取得
2026-05-05 11:44:33.088 | INFO     | src.api.rakuten_client:search_items:158 - APIリクエスト: ふるさと納税 米 page=68
2026-05-05 11:44:34.072 | DEBUG    | __main__:fetch_all:103 -   page 68/100: 30 件取得
2026-05-05 11:44:34.072 | INFO     | src.api.rakuten_client:search_items:158 - APIリクエスト: ふるさと納税 米 page=69
2026-05-05 11:44:35.075 | DEBUG    | __main__:fetch_all:103 -   page 69/100: 30 件取得
2026-05-05 11:44:35.075 | INFO     | src.api.rakuten_client:search_items:158 - APIリクエスト: ふるさと納税 米 page=70
2026-05-05 11:44:36.084 | DEBUG    | __main__:fetch_all:103 -   page 70/100: 30 件取得
2026-05-05 11:44:36.084 | INFO     | src.api.rakuten_client:search_items:158 - APIリクエスト: ふるさと納税 米 page=71
2026-05-05 11:44:37.082 | DEBUG    | __main__:fetch_all:103 -   page 71/100: 30 件取得
2026-05-05 11:44:37.083 | INFO     | src.api.rakuten_client:search_items:158 - APIリクエスト: ふるさと納税 米 page=72
2026-05-05 11:44:37.947 | ERROR    | src.api.rakuten_client:_fetch:113 - APIエラー 429: { "statusCode": 429, "message": "Rate limit is exceeded. Try again in 1 seconds." }
2026-05-05 11:44:40.109 | DEBUG    | __main__:fetch_all:103 -   page 72/100: 30 件取得
2026-05-05 11:44:40.109 | INFO     | src.api.rakuten_client:search_items:158 - APIリクエスト: ふるさと納税 米 page=73
2026-05-05 11:44:41.129 | DEBUG    | __main__:fetch_all:103 -   page 73/100: 30 件取得
2026-05-05 11:44:41.129 | INFO     | src.api.rakuten_client:search_items:158 - APIリクエスト: ふるさと納税 米 page=74
2026-05-05 11:44:42.071 | DEBUG    | __main__:fetch_all:103 -   page 74/100: 30 件取得
2026-05-05 11:44:42.071 | INFO     | src.api.rakuten_client:search_items:158 - APIリクエスト: ふるさと納税 米 page=75
2026-05-05 11:44:43.125 | DEBUG    | __main__:fetch_all:103 -   page 75/100: 30 件取得
2026-05-05 11:44:43.125 | INFO     | src.api.rakuten_client:search_items:158 - APIリクエスト: ふるさと納税 米 page=76
2026-05-05 11:44:44.122 | DEBUG    | __main__:fetch_all:103 -   page 76/100: 30 件取得
2026-05-05 11:44:44.122 | INFO     | src.api.rakuten_client:search_items:158 - APIリクエスト: ふるさと納税 米 page=77
2026-05-05 11:44:45.482 | DEBUG    | __main__:fetch_all:103 -   page 77/100: 30 件取得
2026-05-05 11:44:45.482 | INFO     | src.api.rakuten_client:search_items:158 - APIリクエスト: ふるさと納税 米 page=78
2026-05-05 11:44:45.993 | ERROR    | src.api.rakuten_client:_fetch:113 - APIエラー 429: { "statusCode": 429, "message": "Rate limit is exceeded. Try again in 1 seconds." }
2026-05-05 11:44:48.103 | DEBUG    | __main__:fetch_all:103 -   page 78/100: 30 件取得
2026-05-05 11:44:48.103 | INFO     | src.api.rakuten_client:search_items:158 - APIリクエスト: ふるさと納税 米 page=79
2026-05-05 11:44:49.098 | DEBUG    | __main__:fetch_all:103 -   page 79/100: 30 件取得
2026-05-05 11:44:49.098 | INFO     | src.api.rakuten_client:search_items:158 - APIリクエスト: ふるさと納税 米 page=80
2026-05-05 11:44:50.168 | DEBUG    | __main__:fetch_all:103 -   page 80/100: 30 件取得
2026-05-05 11:44:50.168 | INFO     | src.api.rakuten_client:search_items:158 - APIリクエスト: ふるさと納税 米 page=81
2026-05-05 11:44:51.159 | DEBUG    | __main__:fetch_all:103 -   page 81/100: 30 件取得
2026-05-05 11:44:51.159 | INFO     | src.api.rakuten_client:search_items:158 - APIリクエスト: ふるさと納税 米 page=82
2026-05-05 11:44:52.169 | DEBUG    | __main__:fetch_all:103 -   page 82/100: 30 件取得
2026-05-05 11:44:52.169 | INFO     | src.api.rakuten_client:search_items:158 - APIリクエスト: ふるさと納税 米 page=83
2026-05-05 11:44:53.181 | DEBUG    | __main__:fetch_all:103 -   page 83/100: 30 件取得
2026-05-05 11:44:53.182 | INFO     | src.api.rakuten_client:search_items:158 - APIリクエスト: ふるさと納税 米 page=84
2026-05-05 11:44:54.193 | DEBUG    | __main__:fetch_all:103 -   page 84/100: 30 件取得
2026-05-05 11:44:54.193 | INFO     | src.api.rakuten_client:search_items:158 - APIリクエスト: ふるさと納税 米 page=85
2026-05-05 11:44:55.212 | DEBUG    | __main__:fetch_all:103 -   page 85/100: 30 件取得
2026-05-05 11:44:55.212 | INFO     | src.api.rakuten_client:search_items:158 - APIリクエスト: ふるさと納税 米 page=86
2026-05-05 11:44:56.131 | DEBUG    | __main__:fetch_all:103 -   page 86/100: 30 件取得
2026-05-05 11:44:56.131 | INFO     | src.api.rakuten_client:search_items:158 - APIリクエスト: ふるさと納税 米 page=87
2026-05-05 11:44:57.208 | DEBUG    | __main__:fetch_all:103 -   page 87/100: 30 件取得
2026-05-05 11:44:57.208 | INFO     | src.api.rakuten_client:search_items:158 - APIリクエスト: ふるさと納税 米 page=88
2026-05-05 11:44:58.120 | DEBUG    | __main__:fetch_all:103 -   page 88/100: 30 件取得
2026-05-05 11:44:58.120 | INFO     | src.api.rakuten_client:search_items:158 - APIリクエスト: ふるさと納税 米 page=89
2026-05-05 11:44:59.132 | DEBUG    | __main__:fetch_all:103 -   page 89/100: 30 件取得
2026-05-05 11:44:59.133 | INFO     | src.api.rakuten_client:search_items:158 - APIリクエスト: ふるさと納税 米 page=90
2026-05-05 11:45:01.047 | DEBUG    | __main__:fetch_all:103 -   page 90/100: 30 件取得
2026-05-05 11:45:01.047 | INFO     | src.api.rakuten_client:search_items:158 - APIリクエスト: ふるさと納税 米 page=91
2026-05-05 11:45:01.153 | DEBUG    | __main__:fetch_all:103 -   page 91/100: 30 件取得
2026-05-05 11:45:01.154 | INFO     | src.api.rakuten_client:search_items:158 - APIリクエスト: ふるさと納税 米 page=92
2026-05-05 11:45:02.143 | DEBUG    | __main__:fetch_all:103 -   page 92/100: 30 件取得
2026-05-05 11:45:02.144 | INFO     | src.api.rakuten_client:search_items:158 - APIリクエスト: ふるさと納税 米 page=93
2026-05-05 11:45:03.146 | DEBUG    | __main__:fetch_all:103 -   page 93/100: 30 件取得
2026-05-05 11:45:03.146 | INFO     | src.api.rakuten_client:search_items:158 - APIリクエスト: ふるさと納税 米 page=94
2026-05-05 11:45:04.156 | DEBUG    | __main__:fetch_all:103 -   page 94/100: 30 件取得
2026-05-05 11:45:04.156 | INFO     | src.api.rakuten_client:search_items:158 - APIリクエスト: ふるさと納税 米 page=95
2026-05-05 11:45:05.167 | DEBUG    | __main__:fetch_all:103 -   page 95/100: 30 件取得
2026-05-05 11:45:05.168 | INFO     | src.api.rakuten_client:search_items:158 - APIリクエスト: ふるさと納税 米 page=96
2026-05-05 11:45:06.230 | DEBUG    | __main__:fetch_all:103 -   page 96/100: 30 件取得
2026-05-05 11:45:06.231 | INFO     | src.api.rakuten_client:search_items:158 - APIリクエスト: ふるさと納税 米 page=97
2026-05-05 11:45:07.251 | DEBUG    | __main__:fetch_all:103 -   page 97/100: 30 件取得
2026-05-05 11:45:07.251 | INFO     | src.api.rakuten_client:search_items:158 - APIリクエスト: ふるさと納税 米 page=98
2026-05-05 11:45:08.175 | DEBUG    | __main__:fetch_all:103 -   page 98/100: 30 件取得
2026-05-05 11:45:08.175 | INFO     | src.api.rakuten_client:search_items:158 - APIリクエスト: ふるさと納税 米 page=99
2026-05-05 11:45:09.175 | DEBUG    | __main__:fetch_all:103 -   page 99/100: 30 件取得
2026-05-05 11:45:09.175 | INFO     | src.api.rakuten_client:search_items:158 - APIリクエスト: ふるさと納税 米 page=100
2026-05-05 11:45:10.234 | DEBUG    | __main__:fetch_all:103 -   page 100/100: 30 件取得
2026-05-05 11:45:10.240 | DEBUG    | src.api.rakuten_client:search_items:155 - キャッシュヒット: ふるさと納税 酒 page=1
2026-05-05 11:45:10.240 | INFO     | __main__:fetch_all:87 - 取得開始: 'ふるさと納税 酒' (100 ページ)
2026-05-05 11:45:10.240 | INFO     | src.api.rakuten_client:search_items:158 - APIリクエスト: ふるさと納税 酒 page=1
2026-05-05 11:45:11.261 | DEBUG    | __main__:fetch_all:103 -   page 1/100: 30 件取得
2026-05-05 11:45:11.261 | INFO     | src.api.rakuten_client:search_items:158 - APIリクエスト: ふるさと納税 酒 page=2
2026-05-05 11:45:12.203 | DEBUG    | __main__:fetch_all:103 -   page 2/100: 30 件取得
2026-05-05 11:45:12.203 | INFO     | src.api.rakuten_client:search_items:158 - APIリクエスト: ふるさと納税 酒 page=3
2026-05-05 11:45:13.187 | DEBUG    | __main__:fetch_all:103 -   page 3/100: 30 件取得
2026-05-05 11:45:13.187 | INFO     | src.api.rakuten_client:search_items:158 - APIリクエスト: ふるさと納税 酒 page=4
2026-05-05 11:45:14.205 | DEBUG    | __main__:fetch_all:103 -   page 4/100: 30 件取得
2026-05-05 11:45:14.206 | INFO     | src.api.rakuten_client:search_items:158 - APIリクエスト: ふるさと納税 酒 page=5
2026-05-05 11:45:15.125 | ERROR    | src.api.rakuten_client:_fetch:113 - APIエラー 429: { "statusCode": 429, "message": "Rate limit is exceeded. Try again in 1 seconds." }
2026-05-05 11:45:17.238 | DEBUG    | __main__:fetch_all:103 -   page 5/100: 30 件取得
2026-05-05 11:45:17.238 | INFO     | src.api.rakuten_client:search_items:158 - APIリクエスト: ふるさと納税 酒 page=6
2026-05-05 11:45:18.485 | DEBUG    | __main__:fetch_all:103 -   page 6/100: 30 件取得
2026-05-05 11:45:18.486 | INFO     | src.api.rakuten_client:search_items:158 - APIリクエスト: ふるさと納税 酒 page=7
2026-05-05 11:45:19.330 | ERROR    | src.api.rakuten_client:_fetch:113 - APIエラー 429: { "statusCode": 429, "message": "Rate limit is exceeded. Try again in 1 seconds." }
2026-05-05 11:45:21.492 | DEBUG    | __main__:fetch_all:103 -   page 7/100: 30 件取得
2026-05-05 11:45:21.492 | INFO     | src.api.rakuten_client:search_items:158 - APIリクエスト: ふるさと納税 酒 page=8
2026-05-05 11:45:23.763 | DEBUG    | __main__:fetch_all:103 -   page 8/100: 30 件取得
2026-05-05 11:45:23.764 | INFO     | src.api.rakuten_client:search_items:158 - APIリクエスト: ふるさと納税 酒 page=9
2026-05-05 11:45:23.784 | ERROR    | src.api.rakuten_client:_fetch:113 - APIエラー 429: { "statusCode": 429, "message": "Rate limit is exceeded. Try again in 1 seconds." }
2026-05-05 11:45:25.941 | DEBUG    | __main__:fetch_all:103 -   page 9/100: 30 件取得
2026-05-05 11:45:25.942 | INFO     | src.api.rakuten_client:search_items:158 - APIリクエスト: ふるさと納税 酒 page=10
2026-05-05 11:45:26.887 | DEBUG    | __main__:fetch_all:103 -   page 10/100: 30 件取得
2026-05-05 11:45:26.887 | INFO     | src.api.rakuten_client:search_items:158 - APIリクエスト: ふるさと納税 酒 page=11
2026-05-05 11:45:27.905 | DEBUG    | __main__:fetch_all:103 -   page 11/100: 30 件取得
2026-05-05 11:45:27.905 | INFO     | src.api.rakuten_client:search_items:158 - APIリクエスト: ふるさと納税 酒 page=12
2026-05-05 11:45:28.910 | DEBUG    | __main__:fetch_all:103 -   page 12/100: 30 件取得
2026-05-05 11:45:28.910 | INFO     | src.api.rakuten_client:search_items:158 - APIリクエスト: ふるさと納税 酒 page=13
2026-05-05 11:45:29.904 | DEBUG    | __main__:fetch_all:103 -   page 13/100: 30 件取得
2026-05-05 11:45:29.905 | INFO     | src.api.rakuten_client:search_items:158 - APIリクエスト: ふるさと納税 酒 page=14
2026-05-05 11:45:30.900 | DEBUG    | __main__:fetch_all:103 -   page 14/100: 30 件取得
2026-05-05 11:45:30.901 | INFO     | src.api.rakuten_client:search_items:158 - APIリクエスト: ふるさと納税 酒 page=15
2026-05-05 11:45:31.892 | DEBUG    | __main__:fetch_all:103 -   page 15/100: 30 件取得
2026-05-05 11:45:31.893 | INFO     | src.api.rakuten_client:search_items:158 - APIリクエスト: ふるさと納税 酒 page=16
2026-05-05 11:45:32.919 | DEBUG    | __main__:fetch_all:103 -   page 16/100: 30 件取得
2026-05-05 11:45:32.919 | INFO     | src.api.rakuten_client:search_items:158 - APIリクエスト: ふるさと納税 酒 page=17
2026-05-05 11:45:33.913 | DEBUG    | __main__:fetch_all:103 -   page 17/100: 30 件取得
2026-05-05 11:45:33.913 | INFO     | src.api.rakuten_client:search_items:158 - APIリクエスト: ふるさと納税 酒 page=18
2026-05-05 11:45:34.916 | DEBUG    | __main__:fetch_all:103 -   page 18/100: 30 件取得
2026-05-05 11:45:34.916 | INFO     | src.api.rakuten_client:search_items:158 - APIリクエスト: ふるさと納税 酒 page=19
2026-05-05 11:45:35.973 | DEBUG    | __main__:fetch_all:103 -   page 19/100: 30 件取得
2026-05-05 11:45:35.973 | INFO     | src.api.rakuten_client:search_items:158 - APIリクエスト: ふるさと納税 酒 page=20
2026-05-05 11:45:36.996 | DEBUG    | __main__:fetch_all:103 -   page 20/100: 30 件取得
2026-05-05 11:45:36.996 | INFO     | src.api.rakuten_client:search_items:158 - APIリクエスト: ふるさと納税 酒 page=21
2026-05-05 11:45:37.926 | DEBUG    | __main__:fetch_all:103 -   page 21/100: 30 件取得
2026-05-05 11:45:37.927 | INFO     | src.api.rakuten_client:search_items:158 - APIリクエスト: ふるさと納税 酒 page=22
2026-05-05 11:45:39.037 | DEBUG    | __main__:fetch_all:103 -   page 22/100: 30 件取得
2026-05-05 11:45:39.037 | INFO     | src.api.rakuten_client:search_items:158 - APIリクエスト: ふるさと納税 酒 page=23
2026-05-05 11:45:39.930 | DEBUG    | __main__:fetch_all:103 -   page 23/100: 30 件取得
2026-05-05 11:45:39.930 | INFO     | src.api.rakuten_client:search_items:158 - APIリクエスト: ふるさと納税 酒 page=24
2026-05-05 11:45:40.955 | DEBUG    | __main__:fetch_all:103 -   page 24/100: 30 件取得
2026-05-05 11:45:40.955 | INFO     | src.api.rakuten_client:search_items:158 - APIリクエスト: ふるさと納税 酒 page=25
2026-05-05 11:45:41.946 | DEBUG    | __main__:fetch_all:103 -   page 25/100: 30 件取得
2026-05-05 11:45:41.946 | INFO     | src.api.rakuten_client:search_items:158 - APIリクエスト: ふるさと納税 酒 page=26
2026-05-05 11:45:42.946 | DEBUG    | __main__:fetch_all:103 -   page 26/100: 30 件取得
2026-05-05 11:45:42.946 | INFO     | src.api.rakuten_client:search_items:158 - APIリクエスト: ふるさと納税 酒 page=27
2026-05-05 11:45:44.052 | DEBUG    | __main__:fetch_all:103 -   page 27/100: 30 件取得
2026-05-05 11:45:44.053 | INFO     | src.api.rakuten_client:search_items:158 - APIリクエスト: ふるさと納税 酒 page=28
2026-05-05 11:45:44.880 | ERROR    | src.api.rakuten_client:_fetch:113 - APIエラー 429: { "statusCode": 429, "message": "Rate limit is exceeded. Try again in 1 seconds." }
2026-05-05 11:45:46.988 | DEBUG    | __main__:fetch_all:103 -   page 28/100: 30 件取得
2026-05-05 11:45:46.988 | INFO     | src.api.rakuten_client:search_items:158 - APIリクエスト: ふるさと納税 酒 page=29
2026-05-05 11:45:48.039 | DEBUG    | __main__:fetch_all:103 -   page 29/100: 30 件取得
2026-05-05 11:45:48.039 | INFO     | src.api.rakuten_client:search_items:158 - APIリクエスト: ふるさと納税 酒 page=30
2026-05-05 11:45:48.985 | DEBUG    | __main__:fetch_all:103 -   page 30/100: 30 件取得
2026-05-05 11:45:48.986 | INFO     | src.api.rakuten_client:search_items:158 - APIリクエスト: ふるさと納税 酒 page=31
2026-05-05 11:45:49.995 | DEBUG    | __main__:fetch_all:103 -   page 31/100: 30 件取得
2026-05-05 11:45:49.996 | INFO     | src.api.rakuten_client:search_items:158 - APIリクエスト: ふるさと納税 酒 page=32
2026-05-05 11:45:51.009 | DEBUG    | __main__:fetch_all:103 -   page 32/100: 30 件取得
2026-05-05 11:45:51.009 | INFO     | src.api.rakuten_client:search_items:158 - APIリクエスト: ふるさと納税 酒 page=33
2026-05-05 11:45:52.014 | DEBUG    | __main__:fetch_all:103 -   page 33/100: 30 件取得
2026-05-05 11:45:52.014 | INFO     | src.api.rakuten_client:search_items:158 - APIリクエスト: ふるさと納税 酒 page=34
2026-05-05 11:45:52.998 | DEBUG    | __main__:fetch_all:103 -   page 34/100: 30 件取得
2026-05-05 11:45:52.998 | INFO     | src.api.rakuten_client:search_items:158 - APIリクエスト: ふるさと納税 酒 page=35
2026-05-05 11:45:54.004 | DEBUG    | __main__:fetch_all:103 -   page 35/100: 30 件取得
2026-05-05 11:45:54.004 | INFO     | src.api.rakuten_client:search_items:158 - APIリクエスト: ふるさと納税 酒 page=36
2026-05-05 11:45:55.189 | DEBUG    | __main__:fetch_all:103 -   page 36/100: 30 件取得
2026-05-05 11:45:55.189 | INFO     | src.api.rakuten_client:search_items:158 - APIリクエスト: ふるさと納税 酒 page=37
2026-05-05 11:45:56.008 | DEBUG    | __main__:fetch_all:103 -   page 37/100: 30 件取得
2026-05-05 11:45:56.008 | INFO     | src.api.rakuten_client:search_items:158 - APIリクエスト: ふるさと納税 酒 page=38
2026-05-05 11:45:57.055 | DEBUG    | __main__:fetch_all:103 -   page 38/100: 30 件取得
2026-05-05 11:45:57.055 | INFO     | src.api.rakuten_client:search_items:158 - APIリクエスト: ふるさと納税 酒 page=39
2026-05-05 11:45:58.008 | DEBUG    | __main__:fetch_all:103 -   page 39/100: 30 件取得
2026-05-05 11:45:58.008 | INFO     | src.api.rakuten_client:search_items:158 - APIリクエスト: ふるさと納税 酒 page=40
2026-05-05 11:45:59.022 | DEBUG    | __main__:fetch_all:103 -   page 40/100: 30 件取得
2026-05-05 11:45:59.022 | INFO     | src.api.rakuten_client:search_items:158 - APIリクエスト: ふるさと納税 酒 page=41
2026-05-05 11:46:00.019 | DEBUG    | __main__:fetch_all:103 -   page 41/100: 30 件取得
2026-05-05 11:46:00.020 | INFO     | src.api.rakuten_client:search_items:158 - APIリクエスト: ふるさと納税 酒 page=42
2026-05-05 11:46:01.070 | DEBUG    | __main__:fetch_all:103 -   page 42/100: 30 件取得
2026-05-05 11:46:01.070 | INFO     | src.api.rakuten_client:search_items:158 - APIリクエスト: ふるさと納税 酒 page=43
2026-05-05 11:46:02.062 | DEBUG    | __main__:fetch_all:103 -   page 43/100: 30 件取得
2026-05-05 11:46:02.062 | INFO     | src.api.rakuten_client:search_items:158 - APIリクエスト: ふるさと納税 酒 page=44
2026-05-05 11:46:03.012 | DEBUG    | __main__:fetch_all:103 -   page 44/100: 30 件取得
2026-05-05 11:46:03.012 | INFO     | src.api.rakuten_client:search_items:158 - APIリクエスト: ふるさと納税 酒 page=45
2026-05-05 11:46:04.122 | DEBUG    | __main__:fetch_all:103 -   page 45/100: 30 件取得
2026-05-05 11:46:04.122 | INFO     | src.api.rakuten_client:search_items:158 - APIリクエスト: ふるさと納税 酒 page=46
2026-05-05 11:46:04.958 | ERROR    | src.api.rakuten_client:_fetch:113 - APIエラー 429: { "statusCode": 429, "message": "Rate limit is exceeded. Try again in 1 seconds." }
2026-05-05 11:46:07.060 | DEBUG    | __main__:fetch_all:103 -   page 46/100: 30 件取得
2026-05-05 11:46:07.060 | INFO     | src.api.rakuten_client:search_items:158 - APIリクエスト: ふるさと納税 酒 page=47
2026-05-05 11:46:08.092 | DEBUG    | __main__:fetch_all:103 -   page 47/100: 30 件取得
2026-05-05 11:46:08.104 | INFO     | src.api.rakuten_client:search_items:158 - APIリクエスト: ふるさと納税 酒 page=48
2026-05-05 11:46:09.084 | DEBUG    | __main__:fetch_all:103 -   page 48/100: 30 件取得
2026-05-05 11:46:09.084 | INFO     | src.api.rakuten_client:search_items:158 - APIリクエスト: ふるさと納税 酒 page=49
2026-05-05 11:46:10.002 | ERROR    | src.api.rakuten_client:_fetch:113 - APIエラー 429: { "statusCode": 429, "message": "Rate limit is exceeded. Try again in 1 seconds." }
2026-05-05 11:46:12.131 | DEBUG    | __main__:fetch_all:103 -   page 49/100: 30 件取得
2026-05-05 11:46:12.131 | INFO     | src.api.rakuten_client:search_items:158 - APIリクエスト: ふるさと納税 酒 page=50
2026-05-05 11:46:13.107 | DEBUG    | __main__:fetch_all:103 -   page 50/100: 30 件取得
2026-05-05 11:46:13.107 | INFO     | src.api.rakuten_client:search_items:158 - APIリクエスト: ふるさと納税 酒 page=51
2026-05-05 11:46:14.155 | DEBUG    | __main__:fetch_all:103 -   page 51/100: 30 件取得
2026-05-05 11:46:14.155 | INFO     | src.api.rakuten_client:search_items:158 - APIリクエスト: ふるさと納税 酒 page=52
2026-05-05 11:46:15.184 | DEBUG    | __main__:fetch_all:103 -   page 52/100: 30 件取得
2026-05-05 11:46:15.184 | INFO     | src.api.rakuten_client:search_items:158 - APIリクエスト: ふるさと納税 酒 page=53
2026-05-05 11:46:16.164 | DEBUG    | __main__:fetch_all:103 -   page 53/100: 30 件取得
2026-05-05 11:46:16.164 | INFO     | src.api.rakuten_client:search_items:158 - APIリクエスト: ふるさと納税 酒 page=54
2026-05-05 11:46:17.111 | DEBUG    | __main__:fetch_all:103 -   page 54/100: 30 件取得
2026-05-05 11:46:17.112 | INFO     | src.api.rakuten_client:search_items:158 - APIリクエスト: ふるさと納税 酒 page=55
2026-05-05 11:46:18.159 | DEBUG    | __main__:fetch_all:103 -   page 55/100: 30 件取得
2026-05-05 11:46:18.160 | INFO     | src.api.rakuten_client:search_items:158 - APIリクエスト: ふるさと納税 酒 page=56
2026-05-05 11:46:19.195 | DEBUG    | __main__:fetch_all:103 -   page 56/100: 30 件取得
2026-05-05 11:46:19.195 | INFO     | src.api.rakuten_client:search_items:158 - APIリクエスト: ふるさと納税 酒 page=57
2026-05-05 11:46:20.217 | DEBUG    | __main__:fetch_all:103 -   page 57/100: 30 件取得
2026-05-05 11:46:20.217 | INFO     | src.api.rakuten_client:search_items:158 - APIリクエスト: ふるさと納税 酒 page=58
2026-05-05 11:46:21.134 | DEBUG    | __main__:fetch_all:103 -   page 58/100: 30 件取得
2026-05-05 11:46:21.134 | INFO     | src.api.rakuten_client:search_items:158 - APIリクエスト: ふるさと納税 酒 page=59
2026-05-05 11:46:22.146 | DEBUG    | __main__:fetch_all:103 -   page 59/100: 30 件取得
2026-05-05 11:46:22.146 | INFO     | src.api.rakuten_client:search_items:158 - APIリクエスト: ふるさと納税 酒 page=60
2026-05-05 11:46:23.151 | DEBUG    | __main__:fetch_all:103 -   page 60/100: 30 件取得
2026-05-05 11:46:23.151 | INFO     | src.api.rakuten_client:search_items:158 - APIリクエスト: ふるさと納税 酒 page=61
2026-05-05 11:46:24.074 | ERROR    | src.api.rakuten_client:_fetch:113 - APIエラー 429: { "statusCode": 429, "message": "Rate limit is exceeded. Try again in 1 seconds." }
2026-05-05 11:46:26.183 | DEBUG    | __main__:fetch_all:103 -   page 61/100: 30 件取得
2026-05-05 11:46:26.183 | INFO     | src.api.rakuten_client:search_items:158 - APIリクエスト: ふるさと納税 酒 page=62
2026-05-05 11:46:27.550 | DEBUG    | __main__:fetch_all:103 -   page 62/100: 30 件取得
2026-05-05 11:46:27.550 | INFO     | src.api.rakuten_client:search_items:158 - APIリクエスト: ふるさと納税 酒 page=63
2026-05-05 11:46:28.190 | DEBUG    | __main__:fetch_all:103 -   page 63/100: 30 件取得
2026-05-05 11:46:28.190 | INFO     | src.api.rakuten_client:search_items:158 - APIリクエスト: ふるさと納税 酒 page=64
2026-05-05 11:46:29.192 | DEBUG    | __main__:fetch_all:103 -   page 64/100: 30 件取得
2026-05-05 11:46:29.193 | INFO     | src.api.rakuten_client:search_items:158 - APIリクエスト: ふるさと納税 酒 page=65
2026-05-05 11:46:30.118 | ERROR    | src.api.rakuten_client:_fetch:113 - APIエラー 429: { "statusCode": 429, "message": "Rate limit is exceeded. Try again in 1 seconds." }
2026-05-05 11:46:32.219 | DEBUG    | __main__:fetch_all:103 -   page 65/100: 30 件取得
2026-05-05 11:46:32.219 | INFO     | src.api.rakuten_client:search_items:158 - APIリクエスト: ふるさと納税 酒 page=66
2026-05-05 11:46:33.234 | DEBUG    | __main__:fetch_all:103 -   page 66/100: 30 件取得
2026-05-05 11:46:33.235 | INFO     | src.api.rakuten_client:search_items:158 - APIリクエスト: ふるさと納税 酒 page=67
2026-05-05 11:46:34.244 | DEBUG    | __main__:fetch_all:103 -   page 67/100: 30 件取得
2026-05-05 11:46:34.244 | INFO     | src.api.rakuten_client:search_items:158 - APIリクエスト: ふるさと納税 酒 page=68
2026-05-05 11:46:36.037 | DEBUG    | __main__:fetch_all:103 -   page 68/100: 30 件取得
2026-05-05 11:46:36.038 | INFO     | src.api.rakuten_client:search_items:158 - APIリクエスト: ふるさと納税 酒 page=69
2026-05-05 11:46:36.221 | DEBUG    | __main__:fetch_all:103 -   page 69/100: 30 件取得
2026-05-05 11:46:36.222 | INFO     | src.api.rakuten_client:search_items:158 - APIリクエスト: ふるさと納税 酒 page=70
2026-05-05 11:46:37.240 | DEBUG    | __main__:fetch_all:103 -   page 70/100: 30 件取得
2026-05-05 11:46:37.240 | INFO     | src.api.rakuten_client:search_items:158 - APIリクエスト: ふるさと納税 酒 page=71
2026-05-05 11:46:38.268 | DEBUG    | __main__:fetch_all:103 -   page 71/100: 30 件取得
2026-05-05 11:46:38.269 | INFO     | src.api.rakuten_client:search_items:158 - APIリクエスト: ふるさと納税 酒 page=72
2026-05-05 11:46:39.298 | DEBUG    | __main__:fetch_all:103 -   page 72/100: 30 件取得
2026-05-05 11:46:39.299 | INFO     | src.api.rakuten_client:search_items:158 - APIリクエスト: ふるさと納税 酒 page=73
2026-05-05 11:46:40.294 | DEBUG    | __main__:fetch_all:103 -   page 73/100: 30 件取得
2026-05-05 11:46:40.294 | INFO     | src.api.rakuten_client:search_items:158 - APIリクエスト: ふるさと納税 酒 page=74
2026-05-05 11:46:41.290 | DEBUG    | __main__:fetch_all:103 -   page 74/100: 30 件取得
2026-05-05 11:46:41.290 | INFO     | src.api.rakuten_client:search_items:158 - APIリクエスト: ふるさと納税 酒 page=75
2026-05-05 11:46:42.254 | DEBUG    | __main__:fetch_all:103 -   page 75/100: 30 件取得
2026-05-05 11:46:42.254 | INFO     | src.api.rakuten_client:search_items:158 - APIリクエスト: ふるさと納税 酒 page=76
2026-05-05 11:46:43.255 | DEBUG    | __main__:fetch_all:103 -   page 76/100: 30 件取得
2026-05-05 11:46:43.256 | INFO     | src.api.rakuten_client:search_items:158 - APIリクエスト: ふるさと納税 酒 page=77
2026-05-05 11:46:44.324 | DEBUG    | __main__:fetch_all:103 -   page 77/100: 30 件取得
2026-05-05 11:46:44.324 | INFO     | src.api.rakuten_client:search_items:158 - APIリクエスト: ふるさと納税 酒 page=78
2026-05-05 11:46:45.296 | DEBUG    | __main__:fetch_all:103 -   page 78/100: 30 件取得
2026-05-05 11:46:45.296 | INFO     | src.api.rakuten_client:search_items:158 - APIリクエスト: ふるさと納税 酒 page=79
2026-05-05 11:46:46.356 | DEBUG    | __main__:fetch_all:103 -   page 79/100: 30 件取得
2026-05-05 11:46:46.357 | INFO     | src.api.rakuten_client:search_items:158 - APIリクエスト: ふるさと納税 酒 page=80
2026-05-05 11:46:47.267 | DEBUG    | __main__:fetch_all:103 -   page 80/100: 30 件取得
2026-05-05 11:46:47.268 | INFO     | src.api.rakuten_client:search_items:158 - APIリクエスト: ふるさと納税 酒 page=81
2026-05-05 11:46:48.330 | DEBUG    | __main__:fetch_all:103 -   page 81/100: 30 件取得
2026-05-05 11:46:48.330 | INFO     | src.api.rakuten_client:search_items:158 - APIリクエスト: ふるさと納税 酒 page=82
2026-05-05 11:46:50.051 | DEBUG    | __main__:fetch_all:103 -   page 82/100: 30 件取得
2026-05-05 11:46:50.051 | INFO     | src.api.rakuten_client:search_items:158 - APIリクエスト: ふるさと納税 酒 page=83
2026-05-05 11:46:50.285 | DEBUG    | __main__:fetch_all:103 -   page 83/100: 30 件取得
2026-05-05 11:46:50.285 | INFO     | src.api.rakuten_client:search_items:158 - APIリクエスト: ふるさと納税 酒 page=84
2026-05-05 11:46:51.347 | DEBUG    | __main__:fetch_all:103 -   page 84/100: 30 件取得
2026-05-05 11:46:51.347 | INFO     | src.api.rakuten_client:search_items:158 - APIリクエスト: ふるさと納税 酒 page=85
2026-05-05 11:46:52.289 | DEBUG    | __main__:fetch_all:103 -   page 85/100: 30 件取得
2026-05-05 11:46:52.289 | INFO     | src.api.rakuten_client:search_items:158 - APIリクエスト: ふるさと納税 酒 page=86
2026-05-05 11:46:53.435 | DEBUG    | __main__:fetch_all:103 -   page 86/100: 30 件取得
2026-05-05 11:46:53.440 | INFO     | src.api.rakuten_client:search_items:158 - APIリクエスト: ふるさと納税 酒 page=87
2026-05-05 11:46:54.345 | DEBUG    | __main__:fetch_all:103 -   page 87/100: 30 件取得
2026-05-05 11:46:54.345 | INFO     | src.api.rakuten_client:search_items:158 - APIリクエスト: ふるさと納税 酒 page=88
2026-05-05 11:46:55.289 | DEBUG    | __main__:fetch_all:103 -   page 88/100: 30 件取得
2026-05-05 11:46:55.289 | INFO     | src.api.rakuten_client:search_items:158 - APIリクエスト: ふるさと納税 酒 page=89
2026-05-05 11:46:56.456 | DEBUG    | __main__:fetch_all:103 -   page 89/100: 30 件取得
2026-05-05 11:46:56.456 | INFO     | src.api.rakuten_client:search_items:158 - APIリクエスト: ふるさと納税 酒 page=90
2026-05-05 11:46:57.365 | DEBUG    | __main__:fetch_all:103 -   page 90/100: 30 件取得
2026-05-05 11:46:57.366 | INFO     | src.api.rakuten_client:search_items:158 - APIリクエスト: ふるさと納税 酒 page=91
2026-05-05 11:46:58.392 | DEBUG    | __main__:fetch_all:103 -   page 91/100: 30 件取得
2026-05-05 11:46:58.393 | INFO     | src.api.rakuten_client:search_items:158 - APIリクエスト: ふるさと納税 酒 page=92
2026-05-05 11:46:59.448 | DEBUG    | __main__:fetch_all:103 -   page 92/100: 30 件取得
2026-05-05 11:46:59.449 | INFO     | src.api.rakuten_client:search_items:158 - APIリクエスト: ふるさと納税 酒 page=93
2026-05-05 11:47:00.399 | DEBUG    | __main__:fetch_all:103 -   page 93/100: 30 件取得
2026-05-05 11:47:00.399 | INFO     | src.api.rakuten_client:search_items:158 - APIリクエスト: ふるさと納税 酒 page=94
2026-05-05 11:47:01.460 | DEBUG    | __main__:fetch_all:103 -   page 94/100: 30 件取得
2026-05-05 11:47:01.461 | INFO     | src.api.rakuten_client:search_items:158 - APIリクエスト: ふるさと納税 酒 page=95
2026-05-05 11:47:02.316 | ERROR    | src.api.rakuten_client:_fetch:113 - APIエラー 429: { "statusCode": 429, "message": "Rate limit is exceeded. Try again in 1 seconds." }
2026-05-05 11:47:05.119 | DEBUG    | __main__:fetch_all:103 -   page 95/100: 30 件取得
2026-05-05 11:47:05.119 | INFO     | src.api.rakuten_client:search_items:158 - APIリクエスト: ふるさと納税 酒 page=96
2026-05-05 11:47:05.422 | DEBUG    | __main__:fetch_all:103 -   page 96/100: 30 件取得
2026-05-05 11:47:05.423 | INFO     | src.api.rakuten_client:search_items:158 - APIリクエスト: ふるさと納税 酒 page=97
2026-05-05 11:47:06.512 | DEBUG    | __main__:fetch_all:103 -   page 97/100: 30 件取得
2026-05-05 11:47:06.512 | INFO     | src.api.rakuten_client:search_items:158 - APIリクエスト: ふるさと納税 酒 page=98
2026-05-05 11:47:07.495 | DEBUG    | __main__:fetch_all:103 -   page 98/100: 30 件取得
2026-05-05 11:47:07.495 | INFO     | src.api.rakuten_client:search_items:158 - APIリクエスト: ふるさと納税 酒 page=99
2026-05-05 11:47:08.476 | DEBUG    | __main__:fetch_all:103 -   page 99/100: 30 件取得
2026-05-05 11:47:08.476 | INFO     | src.api.rakuten_client:search_items:158 - APIリクエスト: ふるさと納税 酒 page=100
2026-05-05 11:47:09.505 | DEBUG    | __main__:fetch_all:103 -   page 100/100: 30 件取得
2026-05-05 11:47:09.512 | DEBUG    | src.api.rakuten_client:search_items:155 - キャッシュヒット: ふるさと納税 家電 page=1
2026-05-05 11:47:09.513 | INFO     | __main__:fetch_all:87 - 取得開始: 'ふるさと納税 家電' (97 ページ)
2026-05-05 11:47:09.513 | INFO     | src.api.rakuten_client:search_items:158 - APIリクエスト: ふるさと納税 家電 page=1
2026-05-05 11:47:10.444 | DEBUG    | __main__:fetch_all:103 -   page 1/97: 30 件取得
2026-05-05 11:47:10.445 | INFO     | src.api.rakuten_client:search_items:158 - APIリクエスト: ふるさと納税 家電 page=2
2026-05-05 11:47:11.495 | DEBUG    | __main__:fetch_all:103 -   page 2/97: 30 件取得
2026-05-05 11:47:11.495 | INFO     | src.api.rakuten_client:search_items:158 - APIリクエスト: ふるさと納税 家電 page=3
2026-05-05 11:47:12.460 | DEBUG    | __main__:fetch_all:103 -   page 3/97: 30 件取得
2026-05-05 11:47:12.460 | INFO     | src.api.rakuten_client:search_items:158 - APIリクエスト: ふるさと納税 家電 page=4
2026-05-05 11:47:13.509 | DEBUG    | __main__:fetch_all:103 -   page 4/97: 30 件取得
2026-05-05 11:47:13.509 | INFO     | src.api.rakuten_client:search_items:158 - APIリクエスト: ふるさと納税 家電 page=5
2026-05-05 11:47:14.535 | DEBUG    | __main__:fetch_all:103 -   page 5/97: 30 件取得
2026-05-05 11:47:14.535 | INFO     | src.api.rakuten_client:search_items:158 - APIリクエスト: ふるさと納税 家電 page=6
2026-05-05 11:47:15.524 | DEBUG    | __main__:fetch_all:103 -   page 6/97: 30 件取得
2026-05-05 11:47:15.525 | INFO     | src.api.rakuten_client:search_items:158 - APIリクエスト: ふるさと納税 家電 page=7
2026-05-05 11:47:16.388 | ERROR    | src.api.rakuten_client:_fetch:113 - APIエラー 429: { "statusCode": 429, "message": "Rate limit is exceeded. Try again in 1 seconds." }
2026-05-05 11:47:18.553 | DEBUG    | __main__:fetch_all:103 -   page 7/97: 30 件取得
2026-05-05 11:47:18.553 | INFO     | src.api.rakuten_client:search_items:158 - APIリクエスト: ふるさと納税 家電 page=8
2026-05-05 11:47:19.556 | DEBUG    | __main__:fetch_all:103 -   page 8/97: 30 件取得
2026-05-05 11:47:19.556 | INFO     | src.api.rakuten_client:search_items:158 - APIリクエスト: ふるさと納税 家電 page=9
2026-05-05 11:47:20.567 | DEBUG    | __main__:fetch_all:103 -   page 9/97: 30 件取得
2026-05-05 11:47:20.567 | INFO     | src.api.rakuten_client:search_items:158 - APIリクエスト: ふるさと納税 家電 page=10
2026-05-05 11:47:21.576 | DEBUG    | __main__:fetch_all:103 -   page 10/97: 30 件取得
2026-05-05 11:47:21.577 | INFO     | src.api.rakuten_client:search_items:158 - APIリクエスト: ふるさと納税 家電 page=11
2026-05-05 11:47:22.501 | DEBUG    | __main__:fetch_all:103 -   page 11/97: 30 件取得
2026-05-05 11:47:22.501 | INFO     | src.api.rakuten_client:search_items:158 - APIリクエスト: ふるさと納税 家電 page=12
2026-05-05 11:47:23.565 | DEBUG    | __main__:fetch_all:103 -   page 12/97: 30 件取得
2026-05-05 11:47:23.565 | INFO     | src.api.rakuten_client:search_items:158 - APIリクエスト: ふるさと納税 家電 page=13
2026-05-05 11:47:24.581 | DEBUG    | __main__:fetch_all:103 -   page 13/97: 30 件取得
2026-05-05 11:47:24.582 | INFO     | src.api.rakuten_client:search_items:158 - APIリクエスト: ふるさと納税 家電 page=14
2026-05-05 11:47:25.510 | DEBUG    | __main__:fetch_all:103 -   page 14/97: 30 件取得
2026-05-05 11:47:25.510 | INFO     | src.api.rakuten_client:search_items:158 - APIリクエスト: ふるさと納税 家電 page=15
2026-05-05 11:47:26.584 | DEBUG    | __main__:fetch_all:103 -   page 15/97: 30 件取得
2026-05-05 11:47:26.585 | INFO     | src.api.rakuten_client:search_items:158 - APIリクエスト: ふるさと納税 家電 page=16
2026-05-05 11:47:27.520 | DEBUG    | __main__:fetch_all:103 -   page 16/97: 30 件取得
2026-05-05 11:47:27.521 | INFO     | src.api.rakuten_client:search_items:158 - APIリクエスト: ふるさと納税 家電 page=17
2026-05-05 11:47:28.530 | DEBUG    | __main__:fetch_all:103 -   page 17/97: 30 件取得
2026-05-05 11:47:28.530 | INFO     | src.api.rakuten_client:search_items:158 - APIリクエスト: ふるさと納税 家電 page=18
2026-05-05 11:47:29.590 | DEBUG    | __main__:fetch_all:103 -   page 18/97: 30 件取得
2026-05-05 11:47:29.590 | INFO     | src.api.rakuten_client:search_items:158 - APIリクエスト: ふるさと納税 家電 page=19
2026-05-05 11:47:30.521 | DEBUG    | __main__:fetch_all:103 -   page 19/97: 30 件取得
2026-05-05 11:47:30.521 | INFO     | src.api.rakuten_client:search_items:158 - APIリクエスト: ふるさと納税 家電 page=20
2026-05-05 11:47:31.526 | DEBUG    | __main__:fetch_all:103 -   page 20/97: 30 件取得
2026-05-05 11:47:31.526 | INFO     | src.api.rakuten_client:search_items:158 - APIリクエスト: ふるさと納税 家電 page=21
2026-05-05 11:47:32.531 | DEBUG    | __main__:fetch_all:103 -   page 21/97: 30 件取得
2026-05-05 11:47:32.532 | INFO     | src.api.rakuten_client:search_items:158 - APIリクエスト: ふるさと納税 家電 page=22
2026-05-05 11:47:33.531 | DEBUG    | __main__:fetch_all:103 -   page 22/97: 30 件取得
2026-05-05 11:47:33.531 | INFO     | src.api.rakuten_client:search_items:158 - APIリクエスト: ふるさと納税 家電 page=23
2026-05-05 11:47:34.527 | DEBUG    | __main__:fetch_all:103 -   page 23/97: 30 件取得
2026-05-05 11:47:34.527 | INFO     | src.api.rakuten_client:search_items:158 - APIリクエスト: ふるさと納税 家電 page=24
2026-05-05 11:47:35.543 | DEBUG    | __main__:fetch_all:103 -   page 24/97: 30 件取得
2026-05-05 11:47:35.543 | INFO     | src.api.rakuten_client:search_items:158 - APIリクエスト: ふるさと納税 家電 page=25
2026-05-05 11:47:36.607 | DEBUG    | __main__:fetch_all:103 -   page 25/97: 30 件取得
2026-05-05 11:47:36.608 | INFO     | src.api.rakuten_client:search_items:158 - APIリクエスト: ふるさと納税 家電 page=26
2026-05-05 11:47:37.544 | DEBUG    | __main__:fetch_all:103 -   page 26/97: 30 件取得
2026-05-05 11:47:37.545 | INFO     | src.api.rakuten_client:search_items:158 - APIリクエスト: ふるさと納税 家電 page=27
2026-05-05 11:47:38.616 | DEBUG    | __main__:fetch_all:103 -   page 27/97: 30 件取得
2026-05-05 11:47:38.616 | INFO     | src.api.rakuten_client:search_items:158 - APIリクエスト: ふるさと納税 家電 page=28
2026-05-05 11:47:39.476 | ERROR    | src.api.rakuten_client:_fetch:113 - APIエラー 429: { "statusCode": 429, "message": "Rate limit is exceeded. Try again in 1 seconds." }
2026-05-05 11:47:41.621 | DEBUG    | __main__:fetch_all:103 -   page 28/97: 30 件取得
2026-05-05 11:47:41.621 | INFO     | src.api.rakuten_client:search_items:158 - APIリクエスト: ふるさと納税 家電 page=29
2026-05-05 11:47:42.615 | DEBUG    | __main__:fetch_all:103 -   page 29/97: 30 件取得
2026-05-05 11:47:42.615 | INFO     | src.api.rakuten_client:search_items:158 - APIリクエスト: ふるさと納税 家電 page=30
2026-05-05 11:47:43.648 | DEBUG    | __main__:fetch_all:103 -   page 30/97: 30 件取得
2026-05-05 11:47:43.648 | INFO     | src.api.rakuten_client:search_items:158 - APIリクエスト: ふるさと納税 家電 page=31
2026-05-05 11:47:44.656 | DEBUG    | __main__:fetch_all:103 -   page 31/97: 30 件取得
2026-05-05 11:47:44.658 | INFO     | src.api.rakuten_client:search_items:158 - APIリクエスト: ふるさと納税 家電 page=32
2026-05-05 11:47:45.582 | DEBUG    | __main__:fetch_all:103 -   page 32/97: 30 件取得
2026-05-05 11:47:45.583 | INFO     | src.api.rakuten_client:search_items:158 - APIリクエスト: ふるさと納税 家電 page=33
2026-05-05 11:47:46.633 | DEBUG    | __main__:fetch_all:103 -   page 33/97: 30 件取得
2026-05-05 11:47:46.634 | INFO     | src.api.rakuten_client:search_items:158 - APIリクエスト: ふるさと納税 家電 page=34
2026-05-05 11:47:47.655 | DEBUG    | __main__:fetch_all:103 -   page 34/97: 30 件取得
2026-05-05 11:47:47.655 | INFO     | src.api.rakuten_client:search_items:158 - APIリクエスト: ふるさと納税 家電 page=35
2026-05-05 11:47:48.650 | DEBUG    | __main__:fetch_all:103 -   page 35/97: 30 件取得
2026-05-05 11:47:48.651 | INFO     | src.api.rakuten_client:search_items:158 - APIリクエスト: ふるさと納税 家電 page=36
2026-05-05 11:47:50.176 | DEBUG    | __main__:fetch_all:103 -   page 36/97: 30 件取得
2026-05-05 11:47:50.176 | INFO     | src.api.rakuten_client:search_items:158 - APIリクエスト: ふるさと納税 家電 page=37
2026-05-05 11:47:50.664 | DEBUG    | __main__:fetch_all:103 -   page 37/97: 30 件取得
2026-05-05 11:47:50.665 | INFO     | src.api.rakuten_client:search_items:158 - APIリクエスト: ふるさと納税 家電 page=38
2026-05-05 11:47:52.180 | DEBUG    | __main__:fetch_all:103 -   page 38/97: 30 件取得
2026-05-05 11:47:52.180 | INFO     | src.api.rakuten_client:search_items:158 - APIリクエスト: ふるさと納税 家電 page=39
2026-05-05 11:47:52.704 | DEBUG    | __main__:fetch_all:103 -   page 39/97: 30 件取得
2026-05-05 11:47:52.704 | INFO     | src.api.rakuten_client:search_items:158 - APIリクエスト: ふるさと納税 家電 page=40
2026-05-05 11:47:53.656 | DEBUG    | __main__:fetch_all:103 -   page 40/97: 30 件取得
2026-05-05 11:47:53.657 | INFO     | src.api.rakuten_client:search_items:158 - APIリクエスト: ふるさと納税 家電 page=41
2026-05-05 11:47:54.648 | DEBUG    | __main__:fetch_all:103 -   page 41/97: 30 件取得
2026-05-05 11:47:54.648 | INFO     | src.api.rakuten_client:search_items:158 - APIリクエスト: ふるさと納税 家電 page=42
2026-05-05 11:47:55.661 | DEBUG    | __main__:fetch_all:103 -   page 42/97: 30 件取得
2026-05-05 11:47:55.661 | INFO     | src.api.rakuten_client:search_items:158 - APIリクエスト: ふるさと納税 家電 page=43
2026-05-05 11:47:56.646 | DEBUG    | __main__:fetch_all:103 -   page 43/97: 30 件取得
2026-05-05 11:47:56.646 | INFO     | src.api.rakuten_client:search_items:158 - APIリクエスト: ふるさと納税 家電 page=44
2026-05-05 11:47:58.386 | DEBUG    | __main__:fetch_all:103 -   page 44/97: 30 件取得
2026-05-05 11:47:58.387 | INFO     | src.api.rakuten_client:search_items:158 - APIリクエスト: ふるさと納税 家電 page=45
2026-05-05 11:47:58.564 | ERROR    | src.api.rakuten_client:_fetch:113 - APIエラー 429: { "statusCode": 429, "message": "Rate limit is exceeded. Try again in 1 seconds." }
2026-05-05 11:48:01.745 | DEBUG    | __main__:fetch_all:103 -   page 45/97: 30 件取得
2026-05-05 11:48:01.745 | INFO     | src.api.rakuten_client:search_items:158 - APIリクエスト: ふるさと納税 家電 page=46
2026-05-05 11:48:01.921 | DEBUG    | __main__:fetch_all:103 -   page 46/97: 30 件取得
2026-05-05 11:48:01.922 | INFO     | src.api.rakuten_client:search_items:158 - APIリクエスト: ふるさと納税 家電 page=47
2026-05-05 11:48:03.793 | DEBUG    | __main__:fetch_all:103 -   page 47/97: 30 件取得
2026-05-05 11:48:03.793 | INFO     | src.api.rakuten_client:search_items:158 - APIリクエスト: ふるさと納税 家電 page=48
2026-05-05 11:48:03.908 | DEBUG    | __main__:fetch_all:103 -   page 48/97: 30 件取得
2026-05-05 11:48:03.908 | INFO     | src.api.rakuten_client:search_items:158 - APIリクエスト: ふるさと納税 家電 page=49
2026-05-05 11:48:04.901 | DEBUG    | __main__:fetch_all:103 -   page 49/97: 30 件取得
2026-05-05 11:48:04.902 | INFO     | src.api.rakuten_client:search_items:158 - APIリクエスト: ふるさと納税 家電 page=50
2026-05-05 11:48:06.458 | DEBUG    | __main__:fetch_all:103 -   page 50/97: 30 件取得
2026-05-05 11:48:06.459 | INFO     | src.api.rakuten_client:search_items:158 - APIリクエスト: ふるさと納税 家電 page=51
2026-05-05 11:48:06.826 | ERROR    | src.api.rakuten_client:_fetch:113 - APIエラー 429: { "statusCode": 429, "message": "Rate limit is exceeded. Try again in 1 seconds." }
2026-05-05 11:48:08.924 | DEBUG    | __main__:fetch_all:103 -   page 51/97: 30 件取得
2026-05-05 11:48:08.925 | INFO     | src.api.rakuten_client:search_items:158 - APIリクエスト: ふるさと納税 家電 page=52
2026-05-05 11:48:10.122 | DEBUG    | __main__:fetch_all:103 -   page 52/97: 30 件取得
2026-05-05 11:48:10.123 | INFO     | src.api.rakuten_client:search_items:158 - APIリクエスト: ふるさと納税 家電 page=53
2026-05-05 11:48:11.001 | DEBUG    | __main__:fetch_all:103 -   page 53/97: 30 件取得
2026-05-05 11:48:11.001 | INFO     | src.api.rakuten_client:search_items:158 - APIリクエスト: ふるさと納税 家電 page=54
2026-05-05 11:48:12.026 | DEBUG    | __main__:fetch_all:103 -   page 54/97: 30 件取得
2026-05-05 11:48:12.026 | INFO     | src.api.rakuten_client:search_items:158 - APIリクエスト: ふるさと納税 家電 page=55
2026-05-05 11:48:12.964 | DEBUG    | __main__:fetch_all:103 -   page 55/97: 30 件取得
2026-05-05 11:48:12.964 | INFO     | src.api.rakuten_client:search_items:158 - APIリクエスト: ふるさと納税 家電 page=56
2026-05-05 11:48:13.964 | DEBUG    | __main__:fetch_all:103 -   page 56/97: 30 件取得
2026-05-05 11:48:13.964 | INFO     | src.api.rakuten_client:search_items:158 - APIリクエスト: ふるさと納税 家電 page=57
2026-05-05 11:48:15.054 | DEBUG    | __main__:fetch_all:103 -   page 57/97: 30 件取得
2026-05-05 11:48:15.055 | INFO     | src.api.rakuten_client:search_items:158 - APIリクエスト: ふるさと納税 家電 page=58
2026-05-05 11:48:16.036 | DEBUG    | __main__:fetch_all:103 -   page 58/97: 30 件取得
2026-05-05 11:48:16.037 | INFO     | src.api.rakuten_client:search_items:158 - APIリクエスト: ふるさと納税 家電 page=59
2026-05-05 11:48:16.961 | DEBUG    | __main__:fetch_all:103 -   page 59/97: 30 件取得
2026-05-05 11:48:16.961 | INFO     | src.api.rakuten_client:search_items:158 - APIリクエスト: ふるさと納税 家電 page=60
2026-05-05 11:48:17.960 | DEBUG    | __main__:fetch_all:103 -   page 60/97: 30 件取得
2026-05-05 11:48:17.961 | INFO     | src.api.rakuten_client:search_items:158 - APIリクエスト: ふるさと納税 家電 page=61
2026-05-05 11:48:18.973 | DEBUG    | __main__:fetch_all:103 -   page 61/97: 30 件取得
2026-05-05 11:48:18.973 | INFO     | src.api.rakuten_client:search_items:158 - APIリクエスト: ふるさと納税 家電 page=62
2026-05-05 11:48:19.966 | DEBUG    | __main__:fetch_all:103 -   page 62/97: 30 件取得
2026-05-05 11:48:19.967 | INFO     | src.api.rakuten_client:search_items:158 - APIリクエスト: ふるさと納税 家電 page=63
2026-05-05 11:48:20.967 | DEBUG    | __main__:fetch_all:103 -   page 63/97: 30 件取得
2026-05-05 11:48:20.967 | INFO     | src.api.rakuten_client:search_items:158 - APIリクエスト: ふるさと納税 家電 page=64
2026-05-05 11:48:21.965 | DEBUG    | __main__:fetch_all:103 -   page 64/97: 30 件取得
2026-05-05 11:48:21.965 | INFO     | src.api.rakuten_client:search_items:158 - APIリクエスト: ふるさと納税 家電 page=65
2026-05-05 11:48:22.962 | DEBUG    | __main__:fetch_all:103 -   page 65/97: 30 件取得
2026-05-05 11:48:22.962 | INFO     | src.api.rakuten_client:search_items:158 - APIリクエスト: ふるさと納税 家電 page=66
2026-05-05 11:48:23.971 | DEBUG    | __main__:fetch_all:103 -   page 66/97: 30 件取得
2026-05-05 11:48:23.971 | INFO     | src.api.rakuten_client:search_items:158 - APIリクエスト: ふるさと納税 家電 page=67
2026-05-05 11:48:24.958 | DEBUG    | __main__:fetch_all:103 -   page 67/97: 30 件取得
2026-05-05 11:48:24.958 | INFO     | src.api.rakuten_client:search_items:158 - APIリクエスト: ふるさと納税 家電 page=68
2026-05-05 11:48:26.027 | DEBUG    | __main__:fetch_all:103 -   page 68/97: 30 件取得
2026-05-05 11:48:26.027 | INFO     | src.api.rakuten_client:search_items:158 - APIリクエスト: ふるさと納税 家電 page=69
2026-05-05 11:48:26.974 | DEBUG    | __main__:fetch_all:103 -   page 69/97: 30 件取得
2026-05-05 11:48:26.974 | INFO     | src.api.rakuten_client:search_items:158 - APIリクエスト: ふるさと納税 家電 page=70
2026-05-05 11:48:27.978 | DEBUG    | __main__:fetch_all:103 -   page 70/97: 30 件取得
2026-05-05 11:48:27.978 | INFO     | src.api.rakuten_client:search_items:158 - APIリクエスト: ふるさと納税 家電 page=71
2026-05-05 11:48:28.905 | ERROR    | src.api.rakuten_client:_fetch:113 - APIエラー 429: { "statusCode": 429, "message": "Rate limit is exceeded. Try again in 1 seconds." }
2026-05-05 11:48:31.039 | DEBUG    | __main__:fetch_all:103 -   page 71/97: 30 件取得
2026-05-05 11:48:31.040 | INFO     | src.api.rakuten_client:search_items:158 - APIリクエスト: ふるさと納税 家電 page=72
2026-05-05 11:48:32.157 | DEBUG    | __main__:fetch_all:103 -   page 72/97: 30 件取得
2026-05-05 11:48:32.157 | INFO     | src.api.rakuten_client:search_items:158 - APIリクエスト: ふるさと納税 家電 page=73
2026-05-05 11:48:33.074 | DEBUG    | __main__:fetch_all:103 -   page 73/97: 30 件取得
2026-05-05 11:48:33.074 | INFO     | src.api.rakuten_client:search_items:158 - APIリクエスト: ふるさと納税 家電 page=74
2026-05-05 11:48:34.086 | DEBUG    | __main__:fetch_all:103 -   page 74/97: 30 件取得
2026-05-05 11:48:34.086 | INFO     | src.api.rakuten_client:search_items:158 - APIリクエスト: ふるさと納税 家電 page=75
2026-05-05 11:48:35.065 | DEBUG    | __main__:fetch_all:103 -   page 75/97: 30 件取得
2026-05-05 11:48:35.065 | INFO     | src.api.rakuten_client:search_items:158 - APIリクエスト: ふるさと納税 家電 page=76
2026-05-05 11:48:36.010 | DEBUG    | __main__:fetch_all:103 -   page 76/97: 30 件取得
2026-05-05 11:48:36.010 | INFO     | src.api.rakuten_client:search_items:158 - APIリクエスト: ふるさと納税 家電 page=77
2026-05-05 11:48:37.008 | DEBUG    | __main__:fetch_all:103 -   page 77/97: 30 件取得
2026-05-05 11:48:37.008 | INFO     | src.api.rakuten_client:search_items:158 - APIリクエスト: ふるさと納税 家電 page=78
2026-05-05 11:48:38.016 | DEBUG    | __main__:fetch_all:103 -   page 78/97: 30 件取得
2026-05-05 11:48:38.016 | INFO     | src.api.rakuten_client:search_items:158 - APIリクエスト: ふるさと納税 家電 page=79
2026-05-05 11:48:39.026 | DEBUG    | __main__:fetch_all:103 -   page 79/97: 30 件取得
2026-05-05 11:48:39.027 | INFO     | src.api.rakuten_client:search_items:158 - APIリクエスト: ふるさと納税 家電 page=80
2026-05-05 11:48:40.037 | DEBUG    | __main__:fetch_all:103 -   page 80/97: 30 件取得
2026-05-05 11:48:40.037 | INFO     | src.api.rakuten_client:search_items:158 - APIリクエスト: ふるさと納税 家電 page=81
2026-05-05 11:48:41.027 | DEBUG    | __main__:fetch_all:103 -   page 81/97: 30 件取得
2026-05-05 11:48:41.027 | INFO     | src.api.rakuten_client:search_items:158 - APIリクエスト: ふるさと納税 家電 page=82
2026-05-05 11:48:42.024 | DEBUG    | __main__:fetch_all:103 -   page 82/97: 30 件取得
2026-05-05 11:48:42.024 | INFO     | src.api.rakuten_client:search_items:158 - APIリクエスト: ふるさと納税 家電 page=83
2026-05-05 11:48:43.047 | DEBUG    | __main__:fetch_all:103 -   page 83/97: 30 件取得
2026-05-05 11:48:43.048 | INFO     | src.api.rakuten_client:search_items:158 - APIリクエスト: ふるさと納税 家電 page=84
2026-05-05 11:48:44.043 | DEBUG    | __main__:fetch_all:103 -   page 84/97: 30 件取得
2026-05-05 11:48:44.044 | INFO     | src.api.rakuten_client:search_items:158 - APIリクエスト: ふるさと納税 家電 page=85
2026-05-05 11:48:45.037 | DEBUG    | __main__:fetch_all:103 -   page 85/97: 30 件取得
2026-05-05 11:48:45.037 | INFO     | src.api.rakuten_client:search_items:158 - APIリクエスト: ふるさと納税 家電 page=86
2026-05-05 11:48:46.107 | DEBUG    | __main__:fetch_all:103 -   page 86/97: 30 件取得
2026-05-05 11:48:46.107 | INFO     | src.api.rakuten_client:search_items:158 - APIリクエスト: ふるさと納税 家電 page=87
2026-05-05 11:48:47.053 | DEBUG    | __main__:fetch_all:103 -   page 87/97: 30 件取得
2026-05-05 11:48:47.053 | INFO     | src.api.rakuten_client:search_items:158 - APIリクエスト: ふるさと納税 家電 page=88
2026-05-05 11:48:48.045 | DEBUG    | __main__:fetch_all:103 -   page 88/97: 30 件取得
2026-05-05 11:48:48.045 | INFO     | src.api.rakuten_client:search_items:158 - APIリクエスト: ふるさと納税 家電 page=89
2026-05-05 11:48:49.046 | DEBUG    | __main__:fetch_all:103 -   page 89/97: 30 件取得
2026-05-05 11:48:49.047 | INFO     | src.api.rakuten_client:search_items:158 - APIリクエスト: ふるさと納税 家電 page=90
2026-05-05 11:48:50.384 | DEBUG    | __main__:fetch_all:103 -   page 90/97: 30 件取得
2026-05-05 11:48:50.384 | INFO     | src.api.rakuten_client:search_items:158 - APIリクエスト: ふるさと納税 家電 page=91
2026-05-05 11:48:51.059 | DEBUG    | __main__:fetch_all:103 -   page 91/97: 30 件取得
2026-05-05 11:48:51.059 | INFO     | src.api.rakuten_client:search_items:158 - APIリクエスト: ふるさと納税 家電 page=92
2026-05-05 11:48:52.058 | DEBUG    | __main__:fetch_all:103 -   page 92/97: 30 件取得
2026-05-05 11:48:52.058 | INFO     | src.api.rakuten_client:search_items:158 - APIリクエスト: ふるさと納税 家電 page=93
2026-05-05 11:48:53.106 | DEBUG    | __main__:fetch_all:103 -   page 93/97: 30 件取得
2026-05-05 11:48:53.106 | INFO     | src.api.rakuten_client:search_items:158 - APIリクエスト: ふるさと納税 家電 page=94
2026-05-05 11:48:54.057 | DEBUG    | __main__:fetch_all:103 -   page 94/97: 30 件取得
2026-05-05 11:48:54.058 | INFO     | src.api.rakuten_client:search_items:158 - APIリクエスト: ふるさと納税 家電 page=95
2026-05-05 11:48:55.078 | DEBUG    | __main__:fetch_all:103 -   page 95/97: 30 件取得
2026-05-05 11:48:55.078 | INFO     | src.api.rakuten_client:search_items:158 - APIリクエスト: ふるさと納税 家電 page=96
2026-05-05 11:48:56.065 | DEBUG    | __main__:fetch_all:103 -   page 96/97: 30 件取得
2026-05-05 11:48:56.066 | INFO     | src.api.rakuten_client:search_items:158 - APIリクエスト: ふるさと納税 家電 page=97
2026-05-05 11:48:57.059 | DEBUG    | __main__:fetch_all:103 -   page 97/97: 13 件取得
2026-05-05 11:48:57.064 | DEBUG    | src.api.rakuten_client:search_items:155 - キャッシュヒット: ふるさと納税 旅行 page=1
2026-05-05 11:48:57.065 | INFO     | __main__:fetch_all:87 - 取得開始: 'ふるさと納税 旅行' (100 ページ)
2026-05-05 11:48:57.066 | INFO     | src.api.rakuten_client:search_items:158 - APIリクエスト: ふるさと納税 旅行 page=1
2026-05-05 11:48:58.162 | DEBUG    | __main__:fetch_all:103 -   page 1/100: 30 件取得
2026-05-05 11:48:58.162 | INFO     | src.api.rakuten_client:search_items:158 - APIリクエスト: ふるさと納税 旅行 page=2
2026-05-05 11:48:59.136 | DEBUG    | __main__:fetch_all:103 -   page 2/100: 30 件取得
2026-05-05 11:48:59.137 | INFO     | src.api.rakuten_client:search_items:158 - APIリクエスト: ふるさと納税 旅行 page=3
2026-05-05 11:49:00.135 | DEBUG    | __main__:fetch_all:103 -   page 3/100: 30 件取得
2026-05-05 11:49:00.135 | INFO     | src.api.rakuten_client:search_items:158 - APIリクエスト: ふるさと納税 旅行 page=4
2026-05-05 11:49:01.136 | DEBUG    | __main__:fetch_all:103 -   page 4/100: 30 件取得
2026-05-05 11:49:01.136 | INFO     | src.api.rakuten_client:search_items:158 - APIリクエスト: ふるさと納税 旅行 page=5
2026-05-05 11:49:02.133 | DEBUG    | __main__:fetch_all:103 -   page 5/100: 30 件取得
2026-05-05 11:49:02.134 | INFO     | src.api.rakuten_client:search_items:158 - APIリクエスト: ふるさと納税 旅行 page=6
2026-05-05 11:49:03.594 | DEBUG    | __main__:fetch_all:103 -   page 6/100: 30 件取得
2026-05-05 11:49:03.594 | INFO     | src.api.rakuten_client:search_items:158 - APIリクエスト: ふるさと納税 旅行 page=7
2026-05-05 11:49:04.145 | DEBUG    | __main__:fetch_all:103 -   page 7/100: 30 件取得
2026-05-05 11:49:04.145 | INFO     | src.api.rakuten_client:search_items:158 - APIリクエスト: ふるさと納税 旅行 page=8
2026-05-05 11:49:05.151 | DEBUG    | __main__:fetch_all:103 -   page 8/100: 30 件取得
2026-05-05 11:49:05.151 | INFO     | src.api.rakuten_client:search_items:158 - APIリクエスト: ふるさと納税 旅行 page=9
2026-05-05 11:49:06.134 | DEBUG    | __main__:fetch_all:103 -   page 9/100: 30 件取得
2026-05-05 11:49:06.135 | INFO     | src.api.rakuten_client:search_items:158 - APIリクエスト: ふるさと納税 旅行 page=10
2026-05-05 11:49:07.137 | DEBUG    | __main__:fetch_all:103 -   page 10/100: 30 件取得
2026-05-05 11:49:07.137 | INFO     | src.api.rakuten_client:search_items:158 - APIリクエスト: ふるさと納税 旅行 page=11
2026-05-05 11:49:08.147 | DEBUG    | __main__:fetch_all:103 -   page 11/100: 30 件取得
2026-05-05 11:49:08.147 | INFO     | src.api.rakuten_client:search_items:158 - APIリクエスト: ふるさと納税 旅行 page=12
2026-05-05 11:49:09.034 | ERROR    | src.api.rakuten_client:_fetch:113 - APIエラー 429: { "statusCode": 429, "message": "Rate limit is exceeded. Try again in 1 seconds." }
2026-05-05 11:49:11.167 | DEBUG    | __main__:fetch_all:103 -   page 12/100: 30 件取得
2026-05-05 11:49:11.167 | INFO     | src.api.rakuten_client:search_items:158 - APIリクエスト: ふるさと納税 旅行 page=13
2026-05-05 11:49:12.195 | DEBUG    | __main__:fetch_all:103 -   page 13/100: 30 件取得
2026-05-05 11:49:12.195 | INFO     | src.api.rakuten_client:search_items:158 - APIリクエスト: ふるさと納税 旅行 page=14
2026-05-05 11:49:13.196 | DEBUG    | __main__:fetch_all:103 -   page 14/100: 30 件取得
2026-05-05 11:49:13.196 | INFO     | src.api.rakuten_client:search_items:158 - APIリクエスト: ふるさと納税 旅行 page=15
2026-05-05 11:49:14.177 | DEBUG    | __main__:fetch_all:103 -   page 15/100: 30 件取得
2026-05-05 11:49:14.177 | INFO     | src.api.rakuten_client:search_items:158 - APIリクエスト: ふるさと納税 旅行 page=16
2026-05-05 11:49:15.190 | DEBUG    | __main__:fetch_all:103 -   page 16/100: 30 件取得
2026-05-05 11:49:15.190 | INFO     | src.api.rakuten_client:search_items:158 - APIリクエスト: ふるさと納税 旅行 page=17
2026-05-05 11:49:16.187 | DEBUG    | __main__:fetch_all:103 -   page 17/100: 30 件取得
2026-05-05 11:49:16.188 | INFO     | src.api.rakuten_client:search_items:158 - APIリクエスト: ふるさと納税 旅行 page=18
2026-05-05 11:49:17.201 | DEBUG    | __main__:fetch_all:103 -   page 18/100: 30 件取得
2026-05-05 11:49:17.201 | INFO     | src.api.rakuten_client:search_items:158 - APIリクエスト: ふるさと納税 旅行 page=19
2026-05-05 11:49:18.192 | DEBUG    | __main__:fetch_all:103 -   page 19/100: 30 件取得
2026-05-05 11:49:18.192 | INFO     | src.api.rakuten_client:search_items:158 - APIリクエスト: ふるさと納税 旅行 page=20
2026-05-05 11:49:19.192 | DEBUG    | __main__:fetch_all:103 -   page 20/100: 30 件取得
2026-05-05 11:49:19.192 | INFO     | src.api.rakuten_client:search_items:158 - APIリクエスト: ふるさと納税 旅行 page=21
2026-05-05 11:49:20.210 | DEBUG    | __main__:fetch_all:103 -   page 21/100: 30 件取得
2026-05-05 11:49:20.210 | INFO     | src.api.rakuten_client:search_items:158 - APIリクエスト: ふるさと納税 旅行 page=22
2026-05-05 11:49:21.206 | DEBUG    | __main__:fetch_all:103 -   page 22/100: 30 件取得
2026-05-05 11:49:21.207 | INFO     | src.api.rakuten_client:search_items:158 - APIリクエスト: ふるさと納税 旅行 page=23
2026-05-05 11:49:22.212 | DEBUG    | __main__:fetch_all:103 -   page 23/100: 30 件取得
2026-05-05 11:49:22.212 | INFO     | src.api.rakuten_client:search_items:158 - APIリクエスト: ふるさと納税 旅行 page=24
2026-05-05 11:49:23.222 | DEBUG    | __main__:fetch_all:103 -   page 24/100: 30 件取得
2026-05-05 11:49:23.222 | INFO     | src.api.rakuten_client:search_items:158 - APIリクエスト: ふるさと納税 旅行 page=25
2026-05-05 11:49:24.221 | DEBUG    | __main__:fetch_all:103 -   page 25/100: 30 件取得
2026-05-05 11:49:24.221 | INFO     | src.api.rakuten_client:search_items:158 - APIリクエスト: ふるさと納税 旅行 page=26
2026-05-05 11:49:25.232 | DEBUG    | __main__:fetch_all:103 -   page 26/100: 30 件取得
2026-05-05 11:49:25.232 | INFO     | src.api.rakuten_client:search_items:158 - APIリクエスト: ふるさと納税 旅行 page=27
2026-05-05 11:49:26.113 | ERROR    | src.api.rakuten_client:_fetch:113 - APIエラー 429: { "statusCode": 429, "message": "Rate limit is exceeded. Try again in 1 seconds." }
2026-05-05 11:49:28.268 | DEBUG    | __main__:fetch_all:103 -   page 27/100: 30 件取得
2026-05-05 11:49:28.268 | INFO     | src.api.rakuten_client:search_items:158 - APIリクエスト: ふるさと納税 旅行 page=28
2026-05-05 11:49:29.234 | DEBUG    | __main__:fetch_all:103 -   page 28/100: 30 件取得
2026-05-05 11:49:29.234 | INFO     | src.api.rakuten_client:search_items:158 - APIリクエスト: ふるさと納税 旅行 page=29
2026-05-05 11:49:30.258 | DEBUG    | __main__:fetch_all:103 -   page 29/100: 30 件取得
2026-05-05 11:49:30.258 | INFO     | src.api.rakuten_client:search_items:158 - APIリクエスト: ふるさと納税 旅行 page=30
2026-05-05 11:49:31.255 | DEBUG    | __main__:fetch_all:103 -   page 30/100: 30 件取得
2026-05-05 11:49:31.255 | INFO     | src.api.rakuten_client:search_items:158 - APIリクエスト: ふるさと納税 旅行 page=31
2026-05-05 11:49:32.211 | DEBUG    | __main__:fetch_all:103 -   page 31/100: 30 件取得
2026-05-05 11:49:32.211 | INFO     | src.api.rakuten_client:search_items:158 - APIリクエスト: ふるさと納税 旅行 page=32
2026-05-05 11:49:33.222 | DEBUG    | __main__:fetch_all:103 -   page 32/100: 30 件取得
2026-05-05 11:49:33.222 | INFO     | src.api.rakuten_client:search_items:158 - APIリクエスト: ふるさと納税 旅行 page=33
2026-05-05 11:49:34.266 | DEBUG    | __main__:fetch_all:103 -   page 33/100: 30 件取得
2026-05-05 11:49:34.266 | INFO     | src.api.rakuten_client:search_items:158 - APIリクエスト: ふるさと納税 旅行 page=34
2026-05-05 11:49:35.272 | DEBUG    | __main__:fetch_all:103 -   page 34/100: 30 件取得
2026-05-05 11:49:35.272 | INFO     | src.api.rakuten_client:search_items:158 - APIリクエスト: ふるさと納税 旅行 page=35
2026-05-05 11:49:36.153 | ERROR    | src.api.rakuten_client:_fetch:113 - APIエラー 429: { "statusCode": 429, "message": "Rate limit is exceeded. Try again in 1 seconds." }
2026-05-05 11:49:38.292 | DEBUG    | __main__:fetch_all:103 -   page 35/100: 30 件取得
2026-05-05 11:49:38.292 | INFO     | src.api.rakuten_client:search_items:158 - APIリクエスト: ふるさと納税 旅行 page=36
2026-05-05 11:49:39.279 | DEBUG    | __main__:fetch_all:103 -   page 36/100: 30 件取得
2026-05-05 11:49:39.279 | INFO     | src.api.rakuten_client:search_items:158 - APIリクエスト: ふるさと納税 旅行 page=37
2026-05-05 11:49:40.297 | DEBUG    | __main__:fetch_all:103 -   page 37/100: 30 件取得
2026-05-05 11:49:40.297 | INFO     | src.api.rakuten_client:search_items:158 - APIリクエスト: ふるさと納税 旅行 page=38
2026-05-05 11:49:41.293 | DEBUG    | __main__:fetch_all:103 -   page 38/100: 30 件取得
2026-05-05 11:49:41.293 | INFO     | src.api.rakuten_client:search_items:158 - APIリクエスト: ふるさと納税 旅行 page=39
2026-05-05 11:49:42.268 | DEBUG    | __main__:fetch_all:103 -   page 39/100: 30 件取得
2026-05-05 11:49:42.268 | INFO     | src.api.rakuten_client:search_items:158 - APIリクエスト: ふるさと納税 旅行 page=40
2026-05-05 11:49:43.396 | DEBUG    | __main__:fetch_all:103 -   page 40/100: 30 件取得
2026-05-05 11:49:43.397 | INFO     | src.api.rakuten_client:search_items:158 - APIリクエスト: ふるさと納税 旅行 page=41
2026-05-05 11:49:44.316 | DEBUG    | __main__:fetch_all:103 -   page 41/100: 30 件取得
2026-05-05 11:49:44.316 | INFO     | src.api.rakuten_client:search_items:158 - APIリクエスト: ふるさと納税 旅行 page=42
2026-05-05 11:49:45.314 | DEBUG    | __main__:fetch_all:103 -   page 42/100: 30 件取得
2026-05-05 11:49:45.315 | INFO     | src.api.rakuten_client:search_items:158 - APIリクエスト: ふるさと納税 旅行 page=43
2026-05-05 11:49:46.272 | DEBUG    | __main__:fetch_all:103 -   page 43/100: 30 件取得
2026-05-05 11:49:46.272 | INFO     | src.api.rakuten_client:search_items:158 - APIリクエスト: ふるさと納税 旅行 page=44
2026-05-05 11:49:47.333 | DEBUG    | __main__:fetch_all:103 -   page 44/100: 30 件取得
2026-05-05 11:49:47.333 | INFO     | src.api.rakuten_client:search_items:158 - APIリクエスト: ふるさと納税 旅行 page=45
2026-05-05 11:49:48.320 | DEBUG    | __main__:fetch_all:103 -   page 45/100: 30 件取得
2026-05-05 11:49:48.320 | INFO     | src.api.rakuten_client:search_items:158 - APIリクエスト: ふるさと納税 旅行 page=46
2026-05-05 11:49:49.305 | DEBUG    | __main__:fetch_all:103 -   page 46/100: 30 件取得
2026-05-05 11:49:49.305 | INFO     | src.api.rakuten_client:search_items:158 - APIリクエスト: ふるさと納税 旅行 page=47
2026-05-05 11:49:50.292 | DEBUG    | __main__:fetch_all:103 -   page 47/100: 30 件取得
2026-05-05 11:49:50.292 | INFO     | src.api.rakuten_client:search_items:158 - APIリクエスト: ふるさと納税 旅行 page=48
2026-05-05 11:49:51.344 | DEBUG    | __main__:fetch_all:103 -   page 48/100: 30 件取得
2026-05-05 11:49:51.345 | INFO     | src.api.rakuten_client:search_items:158 - APIリクエスト: ふるさと納税 旅行 page=49
2026-05-05 11:49:52.350 | DEBUG    | __main__:fetch_all:103 -   page 49/100: 30 件取得
2026-05-05 11:49:52.350 | INFO     | src.api.rakuten_client:search_items:158 - APIリクエスト: ふるさと納税 旅行 page=50
2026-05-05 11:49:53.345 | DEBUG    | __main__:fetch_all:103 -   page 50/100: 30 件取得
2026-05-05 11:49:53.345 | INFO     | src.api.rakuten_client:search_items:158 - APIリクエスト: ふるさと納税 旅行 page=51
2026-05-05 11:49:54.335 | DEBUG    | __main__:fetch_all:103 -   page 51/100: 30 件取得
2026-05-05 11:49:54.335 | INFO     | src.api.rakuten_client:search_items:158 - APIリクエスト: ふるさと納税 旅行 page=52
2026-05-05 11:49:55.230 | ERROR    | src.api.rakuten_client:_fetch:113 - APIエラー 429: { "statusCode": 429, "message": "Rate limit is exceeded. Try again in 1 seconds." }
2026-05-05 11:49:57.325 | DEBUG    | __main__:fetch_all:103 -   page 52/100: 30 件取得
2026-05-05 11:49:57.326 | INFO     | src.api.rakuten_client:search_items:158 - APIリクエスト: ふるさと納税 旅行 page=53
2026-05-05 11:49:58.400 | DEBUG    | __main__:fetch_all:103 -   page 53/100: 30 件取得
2026-05-05 11:49:58.400 | INFO     | src.api.rakuten_client:search_items:158 - APIリクエスト: ふるさと納税 旅行 page=54
2026-05-05 11:49:59.335 | DEBUG    | __main__:fetch_all:103 -   page 54/100: 30 件取得
2026-05-05 11:49:59.335 | INFO     | src.api.rakuten_client:search_items:158 - APIリクエスト: ふるさと納税 旅行 page=55
2026-05-05 11:50:00.259 | ERROR    | src.api.rakuten_client:_fetch:113 - APIエラー 429: { "statusCode": 429, "message": "Rate limit is exceeded. Try again in 1 seconds." }
2026-05-05 11:50:02.419 | DEBUG    | __main__:fetch_all:103 -   page 55/100: 30 件取得
2026-05-05 11:50:02.419 | INFO     | src.api.rakuten_client:search_items:158 - APIリクエスト: ふるさと納税 旅行 page=56
2026-05-05 11:50:03.349 | DEBUG    | __main__:fetch_all:103 -   page 56/100: 30 件取得
2026-05-05 11:50:03.350 | INFO     | src.api.rakuten_client:search_items:158 - APIリクエスト: ふるさと納税 旅行 page=57
2026-05-05 11:50:04.408 | DEBUG    | __main__:fetch_all:103 -   page 57/100: 30 件取得
2026-05-05 11:50:04.408 | INFO     | src.api.rakuten_client:search_items:158 - APIリクエスト: ふるさと納税 旅行 page=58
2026-05-05 11:50:06.257 | DEBUG    | __main__:fetch_all:103 -   page 58/100: 30 件取得
2026-05-05 11:50:06.257 | INFO     | src.api.rakuten_client:search_items:158 - APIリクエスト: ふるさと納税 旅行 page=59
2026-05-05 11:50:06.364 | DEBUG    | __main__:fetch_all:103 -   page 59/100: 30 件取得
2026-05-05 11:50:06.365 | INFO     | src.api.rakuten_client:search_items:158 - APIリクエスト: ふるさと納税 旅行 page=60
2026-05-05 11:50:07.373 | DEBUG    | __main__:fetch_all:103 -   page 60/100: 30 件取得
2026-05-05 11:50:07.373 | INFO     | src.api.rakuten_client:search_items:158 - APIリクエスト: ふるさと納税 旅行 page=61
2026-05-05 11:50:08.413 | DEBUG    | __main__:fetch_all:103 -   page 61/100: 30 件取得
2026-05-05 11:50:08.413 | INFO     | src.api.rakuten_client:search_items:158 - APIリクエスト: ふるさと納税 旅行 page=62
2026-05-05 11:50:09.391 | DEBUG    | __main__:fetch_all:103 -   page 62/100: 30 件取得
2026-05-05 11:50:09.410 | INFO     | src.api.rakuten_client:search_items:158 - APIリクエスト: ふるさと納税 旅行 page=63
2026-05-05 11:50:10.425 | DEBUG    | __main__:fetch_all:103 -   page 63/100: 30 件取得
2026-05-05 11:50:10.426 | INFO     | src.api.rakuten_client:search_items:158 - APIリクエスト: ふるさと納税 旅行 page=64
2026-05-05 11:50:11.438 | DEBUG    | __main__:fetch_all:103 -   page 64/100: 30 件取得
2026-05-05 11:50:11.439 | INFO     | src.api.rakuten_client:search_items:158 - APIリクエスト: ふるさと納税 旅行 page=65
2026-05-05 11:50:12.401 | DEBUG    | __main__:fetch_all:103 -   page 65/100: 30 件取得
2026-05-05 11:50:12.401 | INFO     | src.api.rakuten_client:search_items:158 - APIリクエスト: ふるさと納税 旅行 page=66
2026-05-05 11:50:13.480 | DEBUG    | __main__:fetch_all:103 -   page 66/100: 30 件取得
2026-05-05 11:50:13.481 | INFO     | src.api.rakuten_client:search_items:158 - APIリクエスト: ふるさと納税 旅行 page=67
2026-05-05 11:50:14.437 | DEBUG    | __main__:fetch_all:103 -   page 67/100: 30 件取得
2026-05-05 11:50:14.438 | INFO     | src.api.rakuten_client:search_items:158 - APIリクエスト: ふるさと納税 旅行 page=68
2026-05-05 11:50:15.401 | DEBUG    | __main__:fetch_all:103 -   page 68/100: 30 件取得
2026-05-05 11:50:15.401 | INFO     | src.api.rakuten_client:search_items:158 - APIリクエスト: ふるさと納税 旅行 page=69
2026-05-05 11:50:16.414 | DEBUG    | __main__:fetch_all:103 -   page 69/100: 30 件取得
2026-05-05 11:50:16.414 | INFO     | src.api.rakuten_client:search_items:158 - APIリクエスト: ふるさと納税 旅行 page=70
2026-05-05 11:50:17.339 | ERROR    | src.api.rakuten_client:_fetch:113 - APIエラー 429: { "statusCode": 429, "message": "Rate limit is exceeded. Try again in 1 seconds." }
2026-05-05 11:50:19.439 | DEBUG    | __main__:fetch_all:103 -   page 70/100: 30 件取得
2026-05-05 11:50:19.440 | INFO     | src.api.rakuten_client:search_items:158 - APIリクエスト: ふるさと納税 旅行 page=71
2026-05-05 11:50:20.490 | DEBUG    | __main__:fetch_all:103 -   page 71/100: 30 件取得
2026-05-05 11:50:20.491 | INFO     | src.api.rakuten_client:search_items:158 - APIリクエスト: ふるさと納税 旅行 page=72
2026-05-05 11:50:21.448 | DEBUG    | __main__:fetch_all:103 -   page 72/100: 30 件取得
2026-05-05 11:50:21.449 | INFO     | src.api.rakuten_client:search_items:158 - APIリクエスト: ふるさと納税 旅行 page=73
2026-05-05 11:50:22.435 | DEBUG    | __main__:fetch_all:103 -   page 73/100: 30 件取得
2026-05-05 11:50:22.435 | INFO     | src.api.rakuten_client:search_items:158 - APIリクエスト: ふるさと納税 旅行 page=74
2026-05-05 11:50:23.432 | DEBUG    | __main__:fetch_all:103 -   page 74/100: 30 件取得
2026-05-05 11:50:23.433 | INFO     | src.api.rakuten_client:search_items:158 - APIリクエスト: ふるさと納税 旅行 page=75
2026-05-05 11:50:24.497 | DEBUG    | __main__:fetch_all:103 -   page 75/100: 30 件取得
2026-05-05 11:50:24.498 | INFO     | src.api.rakuten_client:search_items:158 - APIリクエスト: ふるさと納税 旅行 page=76
2026-05-05 11:50:25.499 | DEBUG    | __main__:fetch_all:103 -   page 76/100: 30 件取得
2026-05-05 11:50:25.499 | INFO     | src.api.rakuten_client:search_items:158 - APIリクエスト: ふるさと納税 旅行 page=77
2026-05-05 11:50:26.495 | DEBUG    | __main__:fetch_all:103 -   page 77/100: 30 件取得
2026-05-05 11:50:26.495 | INFO     | src.api.rakuten_client:search_items:158 - APIリクエスト: ふるさと納税 旅行 page=78
2026-05-05 11:50:28.275 | DEBUG    | __main__:fetch_all:103 -   page 78/100: 30 件取得
2026-05-05 11:50:28.275 | INFO     | src.api.rakuten_client:search_items:158 - APIリクエスト: ふるさと納税 旅行 page=79
2026-05-05 11:50:28.462 | DEBUG    | __main__:fetch_all:103 -   page 79/100: 30 件取得
2026-05-05 11:50:28.462 | INFO     | src.api.rakuten_client:search_items:158 - APIリクエスト: ふるさと納税 旅行 page=80
2026-05-05 11:50:29.476 | DEBUG    | __main__:fetch_all:103 -   page 80/100: 30 件取得
2026-05-05 11:50:29.476 | INFO     | src.api.rakuten_client:search_items:158 - APIリクエスト: ふるさと納税 旅行 page=81
2026-05-05 11:50:30.524 | DEBUG    | __main__:fetch_all:103 -   page 81/100: 30 件取得
2026-05-05 11:50:30.524 | INFO     | src.api.rakuten_client:search_items:158 - APIリクエスト: ふるさと納税 旅行 page=82
2026-05-05 11:50:31.489 | DEBUG    | __main__:fetch_all:103 -   page 82/100: 30 件取得
2026-05-05 11:50:31.489 | INFO     | src.api.rakuten_client:search_items:158 - APIリクエスト: ふるさと納税 旅行 page=83
2026-05-05 11:50:32.543 | DEBUG    | __main__:fetch_all:103 -   page 83/100: 30 件取得
2026-05-05 11:50:32.543 | INFO     | src.api.rakuten_client:search_items:158 - APIリクエスト: ふるさと納税 旅行 page=84
2026-05-05 11:50:33.542 | DEBUG    | __main__:fetch_all:103 -   page 84/100: 30 件取得
2026-05-05 11:50:33.543 | INFO     | src.api.rakuten_client:search_items:158 - APIリクエスト: ふるさと納税 旅行 page=85
2026-05-05 11:50:34.483 | DEBUG    | __main__:fetch_all:103 -   page 85/100: 30 件取得
2026-05-05 11:50:34.484 | INFO     | src.api.rakuten_client:search_items:158 - APIリクエスト: ふるさと納税 旅行 page=86
2026-05-05 11:50:35.486 | DEBUG    | __main__:fetch_all:103 -   page 86/100: 30 件取得
2026-05-05 11:50:35.486 | INFO     | src.api.rakuten_client:search_items:158 - APIリクエスト: ふるさと納税 旅行 page=87
2026-05-05 11:50:36.542 | DEBUG    | __main__:fetch_all:103 -   page 87/100: 30 件取得
2026-05-05 11:50:36.542 | INFO     | src.api.rakuten_client:search_items:158 - APIリクエスト: ふるさと納税 旅行 page=88
2026-05-05 11:50:37.601 | DEBUG    | __main__:fetch_all:103 -   page 88/100: 30 件取得
2026-05-05 11:50:37.601 | INFO     | src.api.rakuten_client:search_items:158 - APIリクエスト: ふるさと納税 旅行 page=89
2026-05-05 11:50:38.560 | DEBUG    | __main__:fetch_all:103 -   page 89/100: 30 件取得
2026-05-05 11:50:38.560 | INFO     | src.api.rakuten_client:search_items:158 - APIリクエスト: ふるさと納税 旅行 page=90
2026-05-05 11:50:39.500 | DEBUG    | __main__:fetch_all:103 -   page 90/100: 30 件取得
2026-05-05 11:50:39.500 | INFO     | src.api.rakuten_client:search_items:158 - APIリクエスト: ふるさと納税 旅行 page=91
2026-05-05 11:50:40.503 | DEBUG    | __main__:fetch_all:103 -   page 91/100: 30 件取得
2026-05-05 11:50:40.504 | INFO     | src.api.rakuten_client:search_items:158 - APIリクエスト: ふるさと納税 旅行 page=92
2026-05-05 11:50:41.573 | DEBUG    | __main__:fetch_all:103 -   page 92/100: 30 件取得
2026-05-05 11:50:41.573 | INFO     | src.api.rakuten_client:search_items:158 - APIリクエスト: ふるさと納税 旅行 page=93
2026-05-05 11:50:43.204 | DEBUG    | __main__:fetch_all:103 -   page 93/100: 30 件取得
2026-05-05 11:50:43.205 | INFO     | src.api.rakuten_client:search_items:158 - APIリクエスト: ふるさと納税 旅行 page=94
2026-05-05 11:50:43.450 | ERROR    | src.api.rakuten_client:_fetch:113 - APIエラー 429: { "statusCode": 429, "message": "Rate limit is exceeded. Try again in 1 seconds." }
2026-05-05 11:50:45.591 | DEBUG    | __main__:fetch_all:103 -   page 94/100: 30 件取得
2026-05-05 11:50:45.592 | INFO     | src.api.rakuten_client:search_items:158 - APIリクエスト: ふるさと納税 旅行 page=95
2026-05-05 11:50:46.545 | DEBUG    | __main__:fetch_all:103 -   page 95/100: 30 件取得
2026-05-05 11:50:46.545 | INFO     | src.api.rakuten_client:search_items:158 - APIリクエスト: ふるさと納税 旅行 page=96
2026-05-05 11:50:47.599 | DEBUG    | __main__:fetch_all:103 -   page 96/100: 30 件取得
2026-05-05 11:50:47.600 | INFO     | src.api.rakuten_client:search_items:158 - APIリクエスト: ふるさと納税 旅行 page=97
2026-05-05 11:50:48.592 | DEBUG    | __main__:fetch_all:103 -   page 97/100: 30 件取得
2026-05-05 11:50:48.593 | INFO     | src.api.rakuten_client:search_items:158 - APIリクエスト: ふるさと納税 旅行 page=98
2026-05-05 11:50:49.599 | DEBUG    | __main__:fetch_all:103 -   page 98/100: 30 件取得
2026-05-05 11:50:49.599 | INFO     | src.api.rakuten_client:search_items:158 - APIリクエスト: ふるさと納税 旅行 page=99
2026-05-05 11:50:50.619 | DEBUG    | __main__:fetch_all:103 -   page 99/100: 30 件取得
2026-05-05 11:50:50.620 | INFO     | src.api.rakuten_client:search_items:158 - APIリクエスト: ふるさと納税 旅行 page=100
2026-05-05 11:50:51.620 | DEBUG    | __main__:fetch_all:103 -   page 100/100: 30 件取得
2026-05-05 11:50:51.624 | DEBUG    | src.api.rakuten_client:search_items:155 - キャッシュヒット: ふるさと納税 日用品 page=1
2026-05-05 11:50:51.624 | INFO     | __main__:fetch_all:87 - 取得開始: 'ふるさと納税 日用品' (100 ページ)
2026-05-05 11:50:51.625 | INFO     | src.api.rakuten_client:search_items:158 - APIリクエスト: ふるさと納税 日用品 page=1
2026-05-05 11:50:52.645 | DEBUG    | __main__:fetch_all:103 -   page 1/100: 30 件取得
2026-05-05 11:50:52.646 | INFO     | src.api.rakuten_client:search_items:158 - APIリクエスト: ふるさと納税 日用品 page=2
2026-05-05 11:50:53.651 | DEBUG    | __main__:fetch_all:103 -   page 2/100: 30 件取得
2026-05-05 11:50:53.652 | INFO     | src.api.rakuten_client:search_items:158 - APIリクエスト: ふるさと納税 日用品 page=3
2026-05-05 11:50:54.647 | DEBUG    | __main__:fetch_all:103 -   page 3/100: 30 件取得
2026-05-05 11:50:54.648 | INFO     | src.api.rakuten_client:search_items:158 - APIリクエスト: ふるさと納税 日用品 page=4
2026-05-05 11:50:55.687 | DEBUG    | __main__:fetch_all:103 -   page 4/100: 30 件取得
2026-05-05 11:50:55.687 | INFO     | src.api.rakuten_client:search_items:158 - APIリクエスト: ふるさと納税 日用品 page=5
2026-05-05 11:50:56.655 | DEBUG    | __main__:fetch_all:103 -   page 5/100: 30 件取得
2026-05-05 11:50:56.656 | INFO     | src.api.rakuten_client:search_items:158 - APIリクエスト: ふるさと納税 日用品 page=6
2026-05-05 11:50:57.638 | DEBUG    | __main__:fetch_all:103 -   page 6/100: 30 件取得
2026-05-05 11:50:57.639 | INFO     | src.api.rakuten_client:search_items:158 - APIリクエスト: ふるさと納税 日用品 page=7
2026-05-05 11:50:58.656 | DEBUG    | __main__:fetch_all:103 -   page 7/100: 30 件取得
2026-05-05 11:50:58.656 | INFO     | src.api.rakuten_client:search_items:158 - APIリクエスト: ふるさと納税 日用品 page=8
2026-05-05 11:50:59.592 | DEBUG    | __main__:fetch_all:103 -   page 8/100: 30 件取得
2026-05-05 11:50:59.593 | INFO     | src.api.rakuten_client:search_items:158 - APIリクエスト: ふるさと納税 日用品 page=9
2026-05-05 11:51:00.611 | DEBUG    | __main__:fetch_all:103 -   page 9/100: 30 件取得
2026-05-05 11:51:00.611 | INFO     | src.api.rakuten_client:search_items:158 - APIリクエスト: ふるさと納税 日用品 page=10
2026-05-05 11:51:01.653 | DEBUG    | __main__:fetch_all:103 -   page 10/100: 30 件取得
2026-05-05 11:51:01.653 | INFO     | src.api.rakuten_client:search_items:158 - APIリクエスト: ふるさと納税 日用品 page=11
2026-05-05 11:51:02.668 | DEBUG    | __main__:fetch_all:103 -   page 11/100: 30 件取得
2026-05-05 11:51:02.668 | INFO     | src.api.rakuten_client:search_items:158 - APIリクエスト: ふるさと納税 日用品 page=12
2026-05-05 11:51:03.686 | DEBUG    | __main__:fetch_all:103 -   page 12/100: 30 件取得
2026-05-05 11:51:03.686 | INFO     | src.api.rakuten_client:search_items:158 - APIリクエスト: ふるさと納税 日用品 page=13
2026-05-05 11:51:05.169 | DEBUG    | __main__:fetch_all:103 -   page 13/100: 30 件取得
2026-05-05 11:51:05.169 | INFO     | src.api.rakuten_client:search_items:158 - APIリクエスト: ふるさと納税 日用品 page=14
2026-05-05 11:51:05.670 | DEBUG    | __main__:fetch_all:103 -   page 14/100: 30 件取得
2026-05-05 11:51:05.670 | INFO     | src.api.rakuten_client:search_items:158 - APIリクエスト: ふるさと納税 日用品 page=15
2026-05-05 11:51:06.668 | DEBUG    | __main__:fetch_all:103 -   page 15/100: 30 件取得
2026-05-05 11:51:06.668 | INFO     | src.api.rakuten_client:search_items:158 - APIリクエスト: ふるさと納税 日用品 page=16
2026-05-05 11:51:07.694 | DEBUG    | __main__:fetch_all:103 -   page 16/100: 30 件取得
2026-05-05 11:51:07.695 | INFO     | src.api.rakuten_client:search_items:158 - APIリクエスト: ふるさと納税 日用品 page=17
2026-05-05 11:51:08.694 | DEBUG    | __main__:fetch_all:103 -   page 17/100: 30 件取得
2026-05-05 11:51:08.694 | INFO     | src.api.rakuten_client:search_items:158 - APIリクエスト: ふるさと納税 日用品 page=18
2026-05-05 11:51:09.660 | DEBUG    | __main__:fetch_all:103 -   page 18/100: 30 件取得
2026-05-05 11:51:09.660 | INFO     | src.api.rakuten_client:search_items:158 - APIリクエスト: ふるさと納税 日用品 page=19
2026-05-05 11:51:10.706 | DEBUG    | __main__:fetch_all:103 -   page 19/100: 30 件取得
2026-05-05 11:51:10.706 | INFO     | src.api.rakuten_client:search_items:158 - APIリクエスト: ふるさと納税 日用品 page=20
2026-05-05 11:51:11.700 | DEBUG    | __main__:fetch_all:103 -   page 20/100: 30 件取得
2026-05-05 11:51:11.700 | INFO     | src.api.rakuten_client:search_items:158 - APIリクエスト: ふるさと納税 日用品 page=21
2026-05-05 11:51:12.701 | DEBUG    | __main__:fetch_all:103 -   page 21/100: 30 件取得
2026-05-05 11:51:12.701 | INFO     | src.api.rakuten_client:search_items:158 - APIリクエスト: ふるさと納税 日用品 page=22
2026-05-05 11:51:13.570 | ERROR    | src.api.rakuten_client:_fetch:113 - APIエラー 429: { "statusCode": 429, "message": "Rate limit is exceeded. Try again in 1 seconds." }
2026-05-05 11:51:15.714 | DEBUG    | __main__:fetch_all:103 -   page 22/100: 30 件取得
2026-05-05 11:51:15.714 | INFO     | src.api.rakuten_client:search_items:158 - APIリクエスト: ふるさと納税 日用品 page=23
2026-05-05 11:51:16.723 | DEBUG    | __main__:fetch_all:103 -   page 23/100: 30 件取得
2026-05-05 11:51:16.723 | INFO     | src.api.rakuten_client:search_items:158 - APIリクエスト: ふるさと納税 日用品 page=24
2026-05-05 11:51:17.752 | DEBUG    | __main__:fetch_all:103 -   page 24/100: 30 件取得
2026-05-05 11:51:17.752 | INFO     | src.api.rakuten_client:search_items:158 - APIリクエスト: ふるさと納税 日用品 page=25
2026-05-05 11:51:18.759 | DEBUG    | __main__:fetch_all:103 -   page 25/100: 30 件取得
2026-05-05 11:51:18.759 | INFO     | src.api.rakuten_client:search_items:158 - APIリクエスト: ふるさと納税 日用品 page=26
2026-05-05 11:51:19.697 | DEBUG    | __main__:fetch_all:103 -   page 26/100: 30 件取得
2026-05-05 11:51:19.698 | INFO     | src.api.rakuten_client:search_items:158 - APIリクエスト: ふるさと納税 日用品 page=27
2026-05-05 11:51:20.701 | DEBUG    | __main__:fetch_all:103 -   page 27/100: 30 件取得
2026-05-05 11:51:20.701 | INFO     | src.api.rakuten_client:search_items:158 - APIリクエスト: ふるさと納税 日用品 page=28
2026-05-05 11:51:21.744 | DEBUG    | __main__:fetch_all:103 -   page 28/100: 30 件取得
2026-05-05 11:51:21.744 | INFO     | src.api.rakuten_client:search_items:158 - APIリクエスト: ふるさと納税 日用品 page=29
2026-05-05 11:51:22.765 | DEBUG    | __main__:fetch_all:103 -   page 29/100: 30 件取得
2026-05-05 11:51:22.765 | INFO     | src.api.rakuten_client:search_items:158 - APIリクエスト: ふるさと納税 日用品 page=30
2026-05-05 11:51:23.681 | DEBUG    | __main__:fetch_all:103 -   page 30/100: 30 件取得
2026-05-05 11:51:23.682 | INFO     | src.api.rakuten_client:search_items:158 - APIリクエスト: ふるさと納税 日用品 page=31
2026-05-05 11:51:24.774 | DEBUG    | __main__:fetch_all:103 -   page 31/100: 30 件取得
2026-05-05 11:51:24.774 | INFO     | src.api.rakuten_client:search_items:158 - APIリクエスト: ふるさと納税 日用品 page=32
2026-05-05 11:51:25.695 | DEBUG    | __main__:fetch_all:103 -   page 32/100: 30 件取得
2026-05-05 11:51:25.695 | INFO     | src.api.rakuten_client:search_items:158 - APIリクエスト: ふるさと納税 日用品 page=33
2026-05-05 11:51:26.706 | DEBUG    | __main__:fetch_all:103 -   page 33/100: 30 件取得
2026-05-05 11:51:26.706 | INFO     | src.api.rakuten_client:search_items:158 - APIリクエスト: ふるさと納税 日用品 page=34
2026-05-05 11:51:27.707 | DEBUG    | __main__:fetch_all:103 -   page 34/100: 30 件取得
2026-05-05 11:51:27.707 | INFO     | src.api.rakuten_client:search_items:158 - APIリクエスト: ふるさと納税 日用品 page=35
2026-05-05 11:51:28.774 | DEBUG    | __main__:fetch_all:103 -   page 35/100: 30 件取得
2026-05-05 11:51:28.775 | INFO     | src.api.rakuten_client:search_items:158 - APIリクエスト: ふるさと納税 日用品 page=36
2026-05-05 11:51:29.758 | DEBUG    | __main__:fetch_all:103 -   page 36/100: 30 件取得
2026-05-05 11:51:29.758 | INFO     | src.api.rakuten_client:search_items:158 - APIリクエスト: ふるさと納税 日用品 page=37
2026-05-05 11:51:30.770 | DEBUG    | __main__:fetch_all:103 -   page 37/100: 30 件取得
2026-05-05 11:51:30.771 | INFO     | src.api.rakuten_client:search_items:158 - APIリクエスト: ふるさと納税 日用品 page=38
2026-05-05 11:51:31.774 | DEBUG    | __main__:fetch_all:103 -   page 38/100: 30 件取得
2026-05-05 11:51:31.774 | INFO     | src.api.rakuten_client:search_items:158 - APIリクエスト: ふるさと納税 日用品 page=39
2026-05-05 11:51:32.778 | DEBUG    | __main__:fetch_all:103 -   page 39/100: 30 件取得
2026-05-05 11:51:32.778 | INFO     | src.api.rakuten_client:search_items:158 - APIリクエスト: ふるさと納税 日用品 page=40
2026-05-05 11:51:33.816 | DEBUG    | __main__:fetch_all:103 -   page 40/100: 30 件取得
2026-05-05 11:51:33.817 | INFO     | src.api.rakuten_client:search_items:158 - APIリクエスト: ふるさと納税 日用品 page=41
2026-05-05 11:51:34.792 | DEBUG    | __main__:fetch_all:103 -   page 41/100: 30 件取得
2026-05-05 11:51:34.792 | INFO     | src.api.rakuten_client:search_items:158 - APIリクエスト: ふるさと納税 日用品 page=42
2026-05-05 11:51:36.171 | DEBUG    | __main__:fetch_all:103 -   page 42/100: 30 件取得
2026-05-05 11:51:36.171 | INFO     | src.api.rakuten_client:search_items:158 - APIリクエスト: ふるさと納税 日用品 page=43
2026-05-05 11:51:36.725 | DEBUG    | __main__:fetch_all:103 -   page 43/100: 30 件取得
2026-05-05 11:51:36.725 | INFO     | src.api.rakuten_client:search_items:158 - APIリクエスト: ふるさと納税 日用品 page=44
2026-05-05 11:51:37.799 | DEBUG    | __main__:fetch_all:103 -   page 44/100: 30 件取得
2026-05-05 11:51:37.799 | INFO     | src.api.rakuten_client:search_items:158 - APIリクエスト: ふるさと納税 日用品 page=45
2026-05-05 11:51:38.751 | DEBUG    | __main__:fetch_all:103 -   page 45/100: 30 件取得
2026-05-05 11:51:38.751 | INFO     | src.api.rakuten_client:search_items:158 - APIリクエスト: ふるさと納税 日用品 page=46
2026-05-05 11:51:39.743 | DEBUG    | __main__:fetch_all:103 -   page 46/100: 30 件取得
2026-05-05 11:51:39.744 | INFO     | src.api.rakuten_client:search_items:158 - APIリクエスト: ふるさと納税 日用品 page=47
2026-05-05 11:51:40.807 | DEBUG    | __main__:fetch_all:103 -   page 47/100: 30 件取得
2026-05-05 11:51:40.807 | INFO     | src.api.rakuten_client:search_items:158 - APIリクエスト: ふるさと納税 日用品 page=48
2026-05-05 11:51:41.817 | DEBUG    | __main__:fetch_all:103 -   page 48/100: 30 件取得
2026-05-05 11:51:41.818 | INFO     | src.api.rakuten_client:search_items:158 - APIリクエスト: ふるさと納税 日用品 page=49
2026-05-05 11:51:42.838 | DEBUG    | __main__:fetch_all:103 -   page 49/100: 30 件取得
2026-05-05 11:51:42.839 | INFO     | src.api.rakuten_client:search_items:158 - APIリクエスト: ふるさと納税 日用品 page=50
2026-05-05 11:51:43.829 | DEBUG    | __main__:fetch_all:103 -   page 50/100: 30 件取得
2026-05-05 11:51:43.829 | INFO     | src.api.rakuten_client:search_items:158 - APIリクエスト: ふるさと納税 日用品 page=51
2026-05-05 11:51:44.814 | DEBUG    | __main__:fetch_all:103 -   page 51/100: 30 件取得
2026-05-05 11:51:44.815 | INFO     | src.api.rakuten_client:search_items:158 - APIリクエスト: ふるさと納税 日用品 page=52
2026-05-05 11:51:45.823 | DEBUG    | __main__:fetch_all:103 -   page 52/100: 30 件取得
2026-05-05 11:51:45.823 | INFO     | src.api.rakuten_client:search_items:158 - APIリクエスト: ふるさと納税 日用品 page=53
2026-05-05 11:51:46.823 | DEBUG    | __main__:fetch_all:103 -   page 53/100: 30 件取得
2026-05-05 11:51:46.823 | INFO     | src.api.rakuten_client:search_items:158 - APIリクエスト: ふるさと納税 日用品 page=54
2026-05-05 11:51:47.811 | DEBUG    | __main__:fetch_all:103 -   page 54/100: 30 件取得
2026-05-05 11:51:47.812 | INFO     | src.api.rakuten_client:search_items:158 - APIリクエスト: ふるさと納税 日用品 page=55
2026-05-05 11:51:48.807 | DEBUG    | __main__:fetch_all:103 -   page 55/100: 30 件取得
2026-05-05 11:51:48.807 | INFO     | src.api.rakuten_client:search_items:158 - APIリクエスト: ふるさと納税 日用品 page=56
2026-05-05 11:51:49.821 | DEBUG    | __main__:fetch_all:103 -   page 56/100: 30 件取得
2026-05-05 11:51:49.821 | INFO     | src.api.rakuten_client:search_items:158 - APIリクエスト: ふるさと納税 日用品 page=57
2026-05-05 11:51:50.822 | DEBUG    | __main__:fetch_all:103 -   page 57/100: 30 件取得
2026-05-05 11:51:50.822 | INFO     | src.api.rakuten_client:search_items:158 - APIリクエスト: ふるさと納税 日用品 page=58
2026-05-05 11:51:51.831 | DEBUG    | __main__:fetch_all:103 -   page 58/100: 30 件取得
2026-05-05 11:51:51.832 | INFO     | src.api.rakuten_client:search_items:158 - APIリクエスト: ふるさと納税 日用品 page=59
2026-05-05 11:51:52.834 | DEBUG    | __main__:fetch_all:103 -   page 59/100: 30 件取得
2026-05-05 11:51:52.834 | INFO     | src.api.rakuten_client:search_items:158 - APIリクエスト: ふるさと納税 日用品 page=60
2026-05-05 11:51:53.852 | DEBUG    | __main__:fetch_all:103 -   page 60/100: 30 件取得
2026-05-05 11:51:53.852 | INFO     | src.api.rakuten_client:search_items:158 - APIリクエスト: ふるさと納税 日用品 page=61
2026-05-05 11:51:54.804 | DEBUG    | __main__:fetch_all:103 -   page 61/100: 30 件取得
2026-05-05 11:51:54.804 | INFO     | src.api.rakuten_client:search_items:158 - APIリクエスト: ふるさと納税 日用品 page=62
2026-05-05 11:51:55.847 | DEBUG    | __main__:fetch_all:103 -   page 62/100: 30 件取得
2026-05-05 11:51:55.847 | INFO     | src.api.rakuten_client:search_items:158 - APIリクエスト: ふるさと納税 日用品 page=63
2026-05-05 11:51:56.794 | DEBUG    | __main__:fetch_all:103 -   page 63/100: 30 件取得
2026-05-05 11:51:56.794 | INFO     | src.api.rakuten_client:search_items:158 - APIリクエスト: ふるさと納税 日用品 page=64
2026-05-05 11:51:57.847 | DEBUG    | __main__:fetch_all:103 -   page 64/100: 30 件取得
2026-05-05 11:51:57.847 | INFO     | src.api.rakuten_client:search_items:158 - APIリクエスト: ふるさと納税 日用品 page=65
2026-05-05 11:51:58.872 | DEBUG    | __main__:fetch_all:103 -   page 65/100: 30 件取得
2026-05-05 11:51:58.873 | INFO     | src.api.rakuten_client:search_items:158 - APIリクエスト: ふるさと納税 日用品 page=66
2026-05-05 11:51:59.743 | ERROR    | src.api.rakuten_client:_fetch:113 - APIエラー 429: { "statusCode": 429, "message": "Rate limit is exceeded. Try again in 1 seconds." }
2026-05-05 11:52:01.887 | DEBUG    | __main__:fetch_all:103 -   page 66/100: 30 件取得
2026-05-05 11:52:01.888 | INFO     | src.api.rakuten_client:search_items:158 - APIリクエスト: ふるさと納税 日用品 page=67
2026-05-05 11:52:02.867 | DEBUG    | __main__:fetch_all:103 -   page 67/100: 30 件取得
2026-05-05 11:52:02.867 | INFO     | src.api.rakuten_client:search_items:158 - APIリクエスト: ふるさと納税 日用品 page=68
2026-05-05 11:52:03.905 | DEBUG    | __main__:fetch_all:103 -   page 68/100: 30 件取得
2026-05-05 11:52:03.905 | INFO     | src.api.rakuten_client:search_items:158 - APIリクエスト: ふるさと納税 日用品 page=69
2026-05-05 11:52:04.856 | DEBUG    | __main__:fetch_all:103 -   page 69/100: 30 件取得
2026-05-05 11:52:04.857 | INFO     | src.api.rakuten_client:search_items:158 - APIリクエスト: ふるさと納税 日用品 page=70
2026-05-05 11:52:05.910 | DEBUG    | __main__:fetch_all:103 -   page 70/100: 30 件取得
2026-05-05 11:52:05.910 | INFO     | src.api.rakuten_client:search_items:158 - APIリクエスト: ふるさと納税 日用品 page=71
2026-05-05 11:52:06.928 | DEBUG    | __main__:fetch_all:103 -   page 71/100: 30 件取得
2026-05-05 11:52:06.928 | INFO     | src.api.rakuten_client:search_items:158 - APIリクエスト: ふるさと納税 日用品 page=72
2026-05-05 11:52:07.930 | DEBUG    | __main__:fetch_all:103 -   page 72/100: 30 件取得
2026-05-05 11:52:07.931 | INFO     | src.api.rakuten_client:search_items:158 - APIリクエスト: ふるさと納税 日用品 page=73
2026-05-05 11:52:08.938 | DEBUG    | __main__:fetch_all:103 -   page 73/100: 30 件取得
2026-05-05 11:52:08.939 | INFO     | src.api.rakuten_client:search_items:158 - APIリクエスト: ふるさと納税 日用品 page=74
2026-05-05 11:52:09.936 | DEBUG    | __main__:fetch_all:103 -   page 74/100: 30 件取得
2026-05-05 11:52:09.936 | INFO     | src.api.rakuten_client:search_items:158 - APIリクエスト: ふるさと納税 日用品 page=75
2026-05-05 11:52:10.969 | DEBUG    | __main__:fetch_all:103 -   page 75/100: 30 件取得
2026-05-05 11:52:10.969 | INFO     | src.api.rakuten_client:search_items:158 - APIリクエスト: ふるさと納税 日用品 page=76
2026-05-05 11:52:11.947 | DEBUG    | __main__:fetch_all:103 -   page 76/100: 30 件取得
2026-05-05 11:52:11.947 | INFO     | src.api.rakuten_client:search_items:158 - APIリクエスト: ふるさと納税 日用品 page=77
2026-05-05 11:52:12.980 | DEBUG    | __main__:fetch_all:103 -   page 77/100: 30 件取得
2026-05-05 11:52:12.980 | INFO     | src.api.rakuten_client:search_items:158 - APIリクエスト: ふるさと納税 日用品 page=78
2026-05-05 11:52:13.833 | ERROR    | src.api.rakuten_client:_fetch:113 - APIエラー 429: { "statusCode": 429, "message": "Rate limit is exceeded. Try again in 1 seconds." }
2026-05-05 11:52:15.994 | DEBUG    | __main__:fetch_all:103 -   page 78/100: 30 件取得
2026-05-05 11:52:15.995 | INFO     | src.api.rakuten_client:search_items:158 - APIリクエスト: ふるさと納税 日用品 page=79
2026-05-05 11:52:17.010 | DEBUG    | __main__:fetch_all:103 -   page 79/100: 30 件取得
2026-05-05 11:52:17.010 | INFO     | src.api.rakuten_client:search_items:158 - APIリクエスト: ふるさと納税 日用品 page=80
2026-05-05 11:52:17.944 | DEBUG    | __main__:fetch_all:103 -   page 80/100: 30 件取得
2026-05-05 11:52:17.945 | INFO     | src.api.rakuten_client:search_items:158 - APIリクエスト: ふるさと納税 日用品 page=81
2026-05-05 11:52:19.019 | DEBUG    | __main__:fetch_all:103 -   page 81/100: 30 件取得
2026-05-05 11:52:19.019 | INFO     | src.api.rakuten_client:search_items:158 - APIリクエスト: ふるさと納税 日用品 page=82
2026-05-05 11:52:20.001 | DEBUG    | __main__:fetch_all:103 -   page 82/100: 30 件取得
2026-05-05 11:52:20.001 | INFO     | src.api.rakuten_client:search_items:158 - APIリクエスト: ふるさと納税 日用品 page=83
2026-05-05 11:52:20.969 | DEBUG    | __main__:fetch_all:103 -   page 83/100: 30 件取得
2026-05-05 11:52:20.969 | INFO     | src.api.rakuten_client:search_items:158 - APIリクエスト: ふるさと納税 日用品 page=84
2026-05-05 11:52:22.025 | DEBUG    | __main__:fetch_all:103 -   page 84/100: 30 件取得
2026-05-05 11:52:22.026 | INFO     | src.api.rakuten_client:search_items:158 - APIリクエスト: ふるさと納税 日用品 page=85
2026-05-05 11:52:23.006 | DEBUG    | __main__:fetch_all:103 -   page 85/100: 30 件取得
2026-05-05 11:52:23.006 | INFO     | src.api.rakuten_client:search_items:158 - APIリクエスト: ふるさと納税 日用品 page=86
2026-05-05 11:52:24.017 | DEBUG    | __main__:fetch_all:103 -   page 86/100: 30 件取得
2026-05-05 11:52:24.017 | INFO     | src.api.rakuten_client:search_items:158 - APIリクエスト: ふるさと納税 日用品 page=87
2026-05-05 11:52:25.055 | DEBUG    | __main__:fetch_all:103 -   page 87/100: 30 件取得
2026-05-05 11:52:25.055 | INFO     | src.api.rakuten_client:search_items:158 - APIリクエスト: ふるさと納税 日用品 page=88
2026-05-05 11:52:26.047 | DEBUG    | __main__:fetch_all:103 -   page 88/100: 30 件取得
2026-05-05 11:52:26.047 | INFO     | src.api.rakuten_client:search_items:158 - APIリクエスト: ふるさと納税 日用品 page=89
2026-05-05 11:52:26.993 | DEBUG    | __main__:fetch_all:103 -   page 89/100: 30 件取得
2026-05-05 11:52:26.993 | INFO     | src.api.rakuten_client:search_items:158 - APIリクエスト: ふるさと納税 日用品 page=90
2026-05-05 11:52:28.044 | DEBUG    | __main__:fetch_all:103 -   page 90/100: 30 件取得
2026-05-05 11:52:28.044 | INFO     | src.api.rakuten_client:search_items:158 - APIリクエスト: ふるさと納税 日用品 page=91
2026-05-05 11:52:29.045 | DEBUG    | __main__:fetch_all:103 -   page 91/100: 30 件取得
2026-05-05 11:52:29.045 | INFO     | src.api.rakuten_client:search_items:158 - APIリクエスト: ふるさと納税 日用品 page=92
2026-05-05 11:52:29.925 | ERROR    | src.api.rakuten_client:_fetch:113 - APIエラー 429: { "statusCode": 429, "message": "Rate limit is exceeded. Try again in 1 seconds." }
2026-05-05 11:52:32.094 | DEBUG    | __main__:fetch_all:103 -   page 92/100: 30 件取得
2026-05-05 11:52:32.094 | INFO     | src.api.rakuten_client:search_items:158 - APIリクエスト: ふるさと納税 日用品 page=93
2026-05-05 11:52:33.084 | DEBUG    | __main__:fetch_all:103 -   page 93/100: 30 件取得
2026-05-05 11:52:33.085 | INFO     | src.api.rakuten_client:search_items:158 - APIリクエスト: ふるさと納税 日用品 page=94
2026-05-05 11:52:35.091 | DEBUG    | __main__:fetch_all:103 -   page 94/100: 30 件取得
2026-05-05 11:52:35.091 | INFO     | src.api.rakuten_client:search_items:158 - APIリクエスト: ふるさと納税 日用品 page=95
2026-05-05 11:52:35.259 | DEBUG    | __main__:fetch_all:103 -   page 95/100: 30 件取得
2026-05-05 11:52:35.260 | INFO     | src.api.rakuten_client:search_items:158 - APIリクエスト: ふるさと納税 日用品 page=96
2026-05-05 11:52:36.196 | DEBUG    | __main__:fetch_all:103 -   page 96/100: 30 件取得
2026-05-05 11:52:36.196 | INFO     | src.api.rakuten_client:search_items:158 - APIリクエスト: ふるさと納税 日用品 page=97
2026-05-05 11:52:37.271 | DEBUG    | __main__:fetch_all:103 -   page 97/100: 30 件取得
2026-05-05 11:52:37.271 | INFO     | src.api.rakuten_client:search_items:158 - APIリクエスト: ふるさと納税 日用品 page=98
2026-05-05 11:52:38.275 | DEBUG    | __main__:fetch_all:103 -   page 98/100: 30 件取得
2026-05-05 11:52:38.275 | INFO     | src.api.rakuten_client:search_items:158 - APIリクエスト: ふるさと納税 日用品 page=99
2026-05-05 11:52:39.282 | DEBUG    | __main__:fetch_all:103 -   page 99/100: 30 件取得
2026-05-05 11:52:39.283 | INFO     | src.api.rakuten_client:search_items:158 - APIリクエスト: ふるさと納税 日用品 page=100
2026-05-05 11:52:40.278 | DEBUG    | __main__:fetch_all:103 -   page 100/100: 30 件取得
2026-05-05 11:52:41.742 | INFO     | __main__:fetch_all:114 - 重複除去: 38,194 → 32,244 件
2026-05-05 11:52:42.150 | INFO     | __main__:main:141 - 保存完了: /Users/nakaetetsuo/Library/CloudStorage/Dropbox/portfolio/furusato-nozei-trends/data/processed/products_raw.parquet (32,244 件)
2026-05-05 12:04:03.410 | INFO     | src.api.soumu_loader:load_soumu_csv:56 - CSVロード: 1890 行 × 33 列
2026-05-05 12:04:03.448 | INFO     | src.api.soumu_loader:load_soumu_csv:89 - 総務省データ読み込み完了 (令和４年度): 1,741 自治体
2026-05-05 12:09:10.437 | DEBUG    | src.preprocessing.categorizer:__init__:47 - Categorizer 初期化完了: 14 カテゴリ
2026-05-05 12:09:10.728 | INFO     | src.preprocessing.categorizer:add_category:91 - カテゴリ分布:
category
魚介類         6092
牛肉          4267
果物          3654
その他         2409
旅行・体験       2404
家電・電気製品     2297
米・穀物        2282
日用品・生活雑貨    2052
鶏肉          2046
酒・飲料        1518
豚肉          1456
野菜          1416
加工食品・惣菜      252
スイーツ・菓子       99
2026-05-05 12:09:10.738 | INFO     | src.preprocessing.categorizer:add_category:93 - カテゴリ付与率: 92.5%
2026-05-05 12:09:45.017 | DEBUG    | src.preprocessing.categorizer:__init__:47 - Categorizer 初期化完了: 14 カテゴリ
2026-05-05 12:09:45.313 | INFO     | src.preprocessing.categorizer:add_category:91 - カテゴリ分布:
category
魚介類         6069
牛肉          4531
果物          3647
旅行・体験       2404
その他         2358
家電・電気製品     2297
米・穀物        2269
日用品・生活雑貨    2050
鶏肉          2003
酒・飲料        1516
野菜          1397
豚肉          1376
加工食品・惣菜      228
スイーツ・菓子       99
2026-05-05 12:09:45.314 | INFO     | src.preprocessing.categorizer:add_category:93 - カテゴリ付与率: 92.7%
2026-05-07 14:21:33.540 | INFO     | src.api.soumu_loader:load_soumu_csv:56 - CSVロード: 1890 行 × 33 列
2026-05-07 14:21:33.585 | INFO     | src.api.soumu_loader:load_soumu_csv:89 - 総務省データ読み込み完了 (令和４年度): 1,741 自治体
2026-05-07 15:11:30.123 | INFO     | __main__:main:25 - 分析パイプライン開始
2026-05-07 15:11:31.019 | INFO     | __main__:main:35 - 商品データ読み込み: 32,244 件
2026-05-07 15:11:31.019 | INFO     | __main__:main:38 - カテゴリ別集計...
2026-05-07 15:11:31.283 | INFO     | __main__:main:41 -   → 14 カテゴリ
2026-05-07 15:11:31.368 | INFO     | __main__:main:44 - 価格帯別集計...
2026-05-07 15:11:31.542 | INFO     | __main__:main:47 -   → 7 価格帯
2026-05-07 15:11:31.542 | INFO     | __main__:main:50 - 自治体分析...
2026-05-07 15:11:34.454 | INFO     | src.api.soumu_loader:load_soumu_csv:56 - CSVロード: 1890 行 × 33 列
2026-05-07 15:11:34.527 | INFO     | src.api.soumu_loader:load_soumu_csv:89 - 総務省データ読み込み完了 (令和４年度): 1,741 自治体
2026-05-07 15:11:42.577 | INFO     | __main__:main:59 -   総務省データ突合率: 99.5%
2026-05-07 15:11:43.940 | INFO     | __main__:main:69 -   → 1497 自治体をクラスタリング
2026-05-07 15:11:43.945 | INFO     | __main__:main:71 -     食品コスパ型: 932 自治体
2026-05-07 15:11:43.945 | INFO     | __main__:main:71 -     家電・高額品特化型: 558 自治体
2026-05-07 15:11:43.946 | INFO     | __main__:main:71 -     食品プレミアム型: 7 自治体
2026-05-07 15:11:43.975 | INFO     | __main__:main:75 - 分析パイプライン完了
2026-05-07 15:11:43.975 | INFO     | __main__:main:76 -   出力先: /Users/nakaetetsuo/Library/CloudStorage/Dropbox/portfolio/furusato-nozei-trends/data/analysis
2026-05-07 15:12:13.292 | INFO     | __main__:main:23 - フロントエンド用JSON生成開始
2026-05-07 15:12:45.490 | INFO     | __main__:main:23 - フロントエンド用JSON生成開始
2026-05-07 15:12:48.632 | INFO     | __main__:main:29 -   生成: categories.json (2.9 KB)
2026-05-07 15:12:48.633 | INFO     | __main__:main:29 -   生成: summary.json (0.2 KB)
2026-05-07 15:12:48.633 | INFO     | __main__:main:29 -   生成: scatter.json (258.0 KB)
2026-05-07 15:12:48.634 | INFO     | __main__:main:29 -   生成: price_segments.json (1.1 KB)
2026-05-07 15:12:48.634 | INFO     | __main__:main:29 -   生成: municipalities.json (585.3 KB)
2026-05-07 15:12:48.634 | INFO     | __main__:main:31 - 完了: 5 ファイルを /Users/nakaetetsuo/Library/CloudStorage/Dropbox/portfolio/furusato-nozei-trends/web/static/data に書き出しました
